rank,worker_index,trial_number,usable_at_end_count,usable_at_end_fraction,usable_ever_count,entered_capture_region_count,runtime_seconds,blue_crossing_angle_deg,blue_crossing_z_offset_m,blue_detuning_anchor_gamma,blue_s0,blue_waist_m,green_detuning_gamma,green_s0,green_waist_m,magnetic_gradient_G_cm,blue_detuning_gamma,effective_slowing_field_G,effective_slowing_z_offset_m,reference_slowing_field_G
1,1,105,299,0.49833333333333335,299,434,539.7086554169655,46.338712100216625,-0.04563572502899186,-2.461925763526821,0.20308958176149428,0.00733673976861462,-23.337937404161192,38.54224590225253,0.00741220492490673,2.2630863785711113,-2.5815960235603703,12.15416311061482,-0.05370613877446794,14.5625
2,1,0,216,0.36,216,469,508.93071887642145,45.0,-0.045,-2.75,0.25,0.0075,-25.0,30.0,0.0075,2.5,-2.8121125,13.3125,-0.05325,14.5625
3,0,0,193,0.32166666666666666,193,470,490.6849587969482,45.0,-0.05,-2.75,0.25,0.0075,-25.0,30.0,0.0075,2.5,-2.75,14.5625,-0.05825,14.5625
4,2,94,191,0.31833333333333336,191,431,464.2171858260408,45.44740736415554,-0.04908377494270287,-1.8678331213243013,0.10936671009637483,0.00675538640061464,-15.129902233900749,36.90036197181854,0.007409150698978301,1.70188404419895,-2.113518040953381,9.618146616440335,-0.05651469998337898,14.5625
5,1,86,166,0.27666666666666667,166,455,423.38555374741554,47.68491192875439,-0.04231011047335862,-2.9835932788459436,0.3719173084704375,0.00740574376333198,-19.735286664093927,33.435161463178495,0.006985131327729203,2.244771954363152,-3.1443991829586353,11.32631758678423,-0.050456428613023796,14.5625
6,1,88,151,0.25166666666666665,151,487,422.43107987195253,47.163221873124286,-0.040499807563778176,-2.9961522616694776,0.3875504716495833,0.007184078575523964,-22.741357850720668,37.86090206251512,0.006487126864733583,2.044859657572787,-3.2279516478769232,9.897589832814534,-0.048402293996854535,14.5625
7,1,160,136,0.22666666666666666,136,399,375.3683230727911,48.268028083191474,-0.04163475444927254,-2.833612925256099,0.3368534124953747,0.007184424638768822,-18.306857161402988,39.70014394159677,0.005838624415351636,3.0193069641539863,-2.8140137694173615,14.956928573933135,-0.049537621551918244,14.5625
8,1,159,130,0.21666666666666667,131,506,378.28624756634235,46.97255069497123,-0.040585402599328906,-2.789876591178534,0.2571489777630309,0.007399404720670775,-20.505047359985724,37.402319525616385,0.006453948190816269,3.9262231330994055,-2.5628964876903058,19.130423193564667,-0.04872474779206676,14.5625
9,2,45,112,0.18666666666666668,112,309,393.86639380827546,45.68028949417576,-0.04894259137916814,-2.7215473195073656,0.2957358550053235,0.007124254524319166,-27.924793274211936,34.40478397342478,0.007450784321202674,2.3944108084848885,-2.7696079792768264,13.59529010325094,-0.056779271355919224,14.5625
10,2,89,107,0.17833333333333334,107,458,365.6787196607329,46.200307458422834,-0.049459922713447506,-2.16573172273078,0.14092421421798662,0.006817645485980663,-24.71001572962578,35.96875788149112,0.007475696614276886,2.00517483596183,-2.3218158602748713,11.421342069951882,-0.05695933274802623,14.5625
11,1,174,105,0.175,108,343,351.1249652430415,45.47133729667802,-0.04194454375451585,-2.6745778289608038,0.2832939251144996,0.007032730285341119,-14.63263855629505,37.46482314576629,0.005249550879764539,2.7107861162894697,-2.7289966412020257,13.467333724266007,-0.04968054706839108,14.5625
12,2,87,105,0.175,132,450,389.14088004874066,47.32953277328568,-0.048754940834124336,-2.39173160120419,0.19797987949875295,0.00691441993247588,-28.047588220404258,35.301789371812426,0.007413152606458572,1.8078473561581574,-2.6090422284785495,10.189172826034223,-0.056360802759847804,14.5625
13,1,170,99,0.165,99,508,371.0159891024232,46.729240741241036,-0.041263851477583414,-2.833604536294543,0.25814665950127563,0.00742425029038349,-18.72551655662408,31.39889472787801,0.0064074283916509475,4.041961159744061,-2.564427498550621,19.979626941918326,-0.049430526797005256,14.5625
14,2,71,95,0.15833333333333333,96,458,362.17403767770156,45.67312667273836,-0.04857545401139944,-2.562300644155904,0.24532493914917247,0.006534677160154073,-24.46680542462973,39.859183117673275,0.007346668191072594,1.7609182586635357,-2.7979796212293024,9.819513944990975,-0.05576359888756892,14.5625
15,2,195,85,0.14166666666666666,85,214,338.32063059695065,48.53529682395122,-0.049924414800495934,-1.9022946844285282,0.14754969931993517,0.006526212120987742,-15.024028873228337,35.50399772558001,0.007295656592423698,1.555496062009128,-2.1845394616355316,8.88238775997176,-0.05710324813358245,14.5625
16,0,180,84,0.14,85,409,387.75434925965965,46.67095998786039,-0.04397815241837238,-3.0371304665040473,0.42422544526775685,0.006594729469625342,-24.045210437258074,33.30088985561658,0.0067615046711430055,3.171927658846151,-2.953252139883087,16.25053233288308,-0.051232354834960254,14.5625
17,2,109,83,0.13833333333333334,83,495,340.2468935791403,45.72222444200764,-0.04812983355004587,-3.422180345309597,0.5022005044511164,0.007090291498989255,-18.34095314206514,39.58340070381344,0.006877688523887903,3.1598050179094557,-3.2676433417681214,17.67252220852235,-0.055929154198934045,14.5625
18,2,134,82,0.13666666666666666,82,312,327.499742270913,49.16720350949645,-0.04794114902801061,-3.212278919549333,0.5006681943833259,0.0074214996666403955,-16.047924346919373,39.31436283840281,0.007459348091489581,2.048939832798144,-3.3646763766683283,11.495535678828837,-0.05610479866131504,14.5625
19,0,138,82,0.13666666666666666,82,511,335.07646876759827,47.01085620523717,-0.04495787500604929,-3.3651582745445463,0.5216689898268567,0.006760017814558921,-19.104966006140092,37.40436637554354,0.007087174279465619,3.1212788039380617,-3.276158750691602,16.35359526771875,-0.0523938946020641,14.5625
20,1,180,80,0.13333333333333333,85,502,372.97605753690004,49.77805083065872,-0.046055345281607575,-2.679755112606109,0.2913271927667346,0.006785597376211377,-29.593663332979947,20.8211870739133,0.007464523606246882,2.765680002745286,-2.667865202289864,14.801781753194708,-0.053519502395440094,14.5625
21,1,49,77,0.12833333333333333,119,494,403.93644020706415,48.59780232641748,-0.04496886853236876,-2.651081725760144,0.2536163221903207,0.007397813446640209,-29.414524660538582,16.98503889822995,0.007484378055945742,2.567660607072423,-2.6971226220640574,13.635937385713156,-0.05310646332367299,14.5625
22,2,154,76,0.12666666666666668,76,395,335.58490368165076,45.701846888188506,-0.04996580978719849,-3.1696756425935884,0.44573860747251837,0.006708833053097189,-25.952459445035124,31.32052443621043,0.0074144027233271955,3.0561632394360165,-3.022432798789529,17.52572889523162,-0.0573455261456054,14.5625
23,2,40,75,0.125,75,526,354.33507063100114,46.13992561606449,-0.049781221270609986,-3.270728594873387,0.41273827484062503,0.007215575209630427,-28.188654205333386,35.479609789693036,0.007213606549296847,2.707692319472537,-3.2177662906235804,15.628354382165556,-0.057718354001203453,14.5625
24,2,60,72,0.12,72,450,357.37529106717557,47.91810930460068,-0.048792227231370854,-2.5885948445366673,0.21934659251942054,0.007102637853387599,-33.16390086562147,36.596852964353594,0.007375433814052318,3.9404362697916575,-2.2038754712453925,22.304890285596194,-0.056605128870097214,14.5625
25,1,106,67,0.11166666666666666,68,85,321.0537255257368,45.75285683008175,-0.04555298424966645,-2.382652424039342,0.25113198009881393,0.007211116059171711,-20.912246323957845,39.56377110061355,0.007095392235270532,1.248360910836291,-2.7744886440121896,6.676884786217601,-0.05348521191475533,14.5625
26,2,108,65,0.10833333333333334,65,517,339.82544177025557,45.466507470164025,-0.04775683394077147,-3.5329458005067393,0.5245500385515934,0.007389090996236707,-26.359366373871573,33.25935846179542,0.0069974344582094524,2.6013697285220947,-3.5341775383568006,14.53771155463753,-0.05588483403663185,14.5625
27,2,174,64,0.10666666666666667,64,399,340.4693389236927,45.74763518620304,-0.04856929115659568,-3.58680027571866,0.6390438450163964,0.007390726818324524,-18.18423994853247,38.679518094772554,0.007384622078194595,1.5313971249687173,-3.8789584721752246,8.682882442009168,-0.05669909065675266,14.5625
28,0,94,63,0.105,66,264,371.86794286035,45.0423805072145,-0.04979179717819192,-3.0631515765575488,0.4489259428769293,0.006865935819953624,-20.059778982555233,16.207668687890298,0.0074139170545315805,1.6718632015394363,-3.31037488237778,9.587186942639738,-0.05734432658014091,14.5625
29,0,162,62,0.10333333333333333,64,425,330.89789447933435,49.26792794811452,-0.04161424954993902,-3.155353285161029,0.49429902491812394,0.0069469101070238695,-11.92943227313587,25.12914852872338,0.00741065184657381,2.5216080452764795,-3.261794485987357,12.420394932052162,-0.049255850667665274,14.5625
30,2,150,62,0.10333333333333333,62,562,332.10413818992674,55.74065681345532,-0.043947379423701444,-1.89241382166772,0.1395957984845898,0.005592513393178879,-25.417150175836326,37.53246328839542,0.006344959256787569,3.193288976230408,-1.8210786352922204,15.998104475256582,-0.05009914415619821,14.5625
31,2,188,61,0.10166666666666667,61,163,324.77554999804124,46.49901747112921,-0.04674666663792842,-3.34556217023564,0.5819466149201534,0.007379407630559729,-15.179850635903966,32.807228247728794,0.007303037147664703,1.897779695664777,-3.5518014407143172,10.411981374951154,-0.05486401503154412,14.5625
32,2,131,57,0.095,57,402,323.7017812640406,50.95699202433634,-0.04698491869179719,-3.366859585135201,0.5421912971549329,0.007299449956478341,-26.518747846906564,37.97889803719917,0.007487206179973809,3.457735590590036,-3.1452424322014494,19.022495027847686,-0.05501431364392337,14.5625
33,1,80,56,0.09333333333333334,56,134,343.0240822508931,45.43059191772563,-0.04221914874256036,-2.767618826617288,0.31987594641347694,0.007496277406090156,-24.82604464211177,29.445134881196314,0.007227893364366694,2.4707878347184447,-2.87165258715539,12.468844122799316,-0.05046505388925953,14.5625
34,1,25,55,0.09166666666666666,56,357,324.21180129796267,47.278712313196095,-0.04635706857821775,-2.6335875380490426,0.23644630297748584,0.007473544102070774,-19.168376491539995,25.67597243569639,0.007145299803462025,3.6501657113610184,-2.367280820047612,19.921862406951714,-0.0545779670904956,14.5625
35,0,198,53,0.08833333333333333,57,346,326.2103162314743,58.18135402202139,-0.042698558595929,-2.7250250117103088,0.4812503262044914,0.006331436596317174,-25.111600058585253,29.746057772644455,0.006936609257101946,1.9299559312775116,-2.972368567496291,9.584766939304037,-0.04966313885187789,14.5625
36,2,33,52,0.08666666666666667,57,137,333.7094008862041,47.742595598642964,-0.048238228797179476,-3.1374018975189744,0.512158615824553,0.00718866067394482,-27.18070444748171,36.3018459342203,0.007188913441757744,2.0830940918514407,-3.279853727935845,11.695689164482376,-0.05614575553851878,14.5625
37,0,161,51,0.085,51,356,328.5025432277471,45.450664850294835,-0.04491649383558418,-3.652555563890324,0.7198746908406437,0.0067610064723180935,-17.74027309433232,27.684738006635296,0.007274066649065679,2.4527004955148977,-3.738108312660235,12.84077030046466,-0.05235360095513408,14.5625
38,2,142,50,0.08333333333333333,50,526,329.5392038729042,48.136683951568834,-0.04954166840855789,-3.2004606918648153,0.3918453936308123,0.007022245232785073,-18.36980478083857,39.97452406105744,0.007237056509110856,3.4365294516666074,-2.946188164817125,19.679677038593084,-0.05726613816462148,14.5625
39,0,117,49,0.08166666666666667,49,384,323.21025739610195,46.29402567036467,-0.044319906793138714,-3.578876031227385,0.7110430353048988,0.006796572874875769,-16.97288703769687,30.60150292467376,0.007235760762557079,1.5989763491517701,-3.8909501111180633,8.282079796927375,-0.05179613695550206,14.5625
40,1,123,49,0.08166666666666667,155,455,400.8362513259053,46.95535616496683,-0.04799274121140674,-2.430124365523825,0.21220351367683093,0.007183598710165736,-27.906200272558983,37.68701496254691,0.006598738995217834,1.5147563770829593,-2.7330253981856507,8.466685295596182,-0.05589469979258905,14.5625
41,1,110,47,0.07833333333333334,47,281,322.21305398643017,53.17695904096964,-0.04112536331696512,-2.9809747886769395,0.45752687891791916,0.007342834118899571,-25.42604740656747,32.17695863617416,0.00622151081266763,2.917672524677012,-2.991252039621715,14.355672651544063,-0.04920248084775465,14.5625
42,0,128,46,0.07666666666666666,46,263,312.7350655440241,47.38158596737732,-0.046149809690363114,-3.556308292590053,0.7869307796994155,0.006482437648603159,-19.589818883791928,26.840920031251194,0.007347902395961185,1.825980331084708,-3.7964892366518175,9.72891287861211,-0.053280491103826585,14.5625
43,0,184,45,0.075,45,416,312.05188451334834,60.00222044737968,-0.04232914758976869,-3.0039633328216375,0.598713541294754,0.006409482431029015,-21.10032161466073,34.177975449159405,0.006894917458943979,2.6285181428919033,-3.082622019684576,12.97951173550134,-0.0493795782639006,14.5625
44,2,116,44,0.07333333333333333,45,280,318.7902779048309,46.229535029805106,-0.04763259187778682,-3.2535529584323855,0.4888571263274749,0.00700645881125529,-16.936803244067978,35.756333094706065,0.00715819328198351,3.286416532487433,-3.0734550629822426,18.1869293711037,-0.055339696570167636,14.5625
45,0,170,44,0.07333333333333333,44,363,322.26100841909647,45.01189273778593,-0.04460389123406111,-3.690439005380466,0.8236761288139883,0.006348890978549841,-20.712431384493442,30.114838371177065,0.0066725089385331945,1.5707001717891216,-4.0114177011225935,8.10287641895496,-0.05158767131046594,14.5625
46,2,111,42,0.07,42,532,324.8822086676955,47.979065731570536,-0.04749209517773496,-3.689966148671182,0.5715263366348292,0.007368179491648756,-21.94008684026964,38.1713826499162,0.007130144095508308,3.3898091306991653,-3.4771014821759256,18.846353219868316,-0.05559709261854859,14.5625
47,0,166,42,0.07,42,347,365.0241691544652,49.68824394435899,-0.04356338928065092,-3.4667764262216942,0.7468236377384236,0.0063851668082965775,-19.313615207758836,27.38024593173948,0.007371676426738175,2.35341192610789,-3.5988165682365496,11.905222036328125,-0.050587072769777156,14.5625
48,1,68,39,0.065,41,362,303.31555803120136,67.72085548723297,-0.040754686254580896,-3.272613141963724,0.9973541085432296,0.006262045819270499,-28.85776718482001,38.224951820036644,0.007446143305257693,2.159708888857576,-3.484939139117298,10.289487378676315,-0.04764293665577844,14.5625
49,2,124,39,0.065,39,526,317.0084128798917,48.07460525343665,-0.047372643054207325,-3.7058382397913414,0.6212090098906242,0.007479964821210054,-18.287484940407005,38.100520511120905,0.007410336339618949,2.5518022457818326,-3.724438463618432,14.188174706639359,-0.055600604357538386,14.5625
50,1,129,37,0.06166666666666667,37,396,303.7718724012375,61.14919404328882,-0.041440974527529324,-3.6577988210503656,1.1764786564273242,0.006149168200851924,-28.545312050404267,35.52438593108684,0.007397037752922705,2.1958556313708426,-3.8554340805956033,10.585135147006685,-0.04820505954846644,14.5625
51,0,172,37,0.06166666666666667,37,522,321.081095661968,53.454487180672956,-0.0415550057518324,-3.193877678849156,0.5725228556012703,0.006321216362425286,-18.932711547108447,28.655162455534935,0.007025418626375957,2.7483879856269997,-3.2550224702406223,13.331974916653934,-0.04850834375050021,14.5625
52,1,173,37,0.06166666666666667,37,522,323.3919937685132,51.80841036220061,-0.040063658690245106,-2.779995779237457,0.2558201483495175,0.007467403150100691,-18.550733290534527,32.376185480296364,0.005630166379029453,4.166643279594166,-2.504060352493536,20.115637990419025,-0.04827780215535587,14.5625
53,0,142,36,0.06,36,349,303.6141407508403,45.79649873494394,-0.045535244622054674,-3.7139310869959212,0.8362402395900798,0.006172033003419867,-16.317275440683854,29.56498783487633,0.007436434557396745,2.5148259870465237,-3.7836860859372234,13.158696439096355,-0.05232448092581653,14.5625
54,1,187,36,0.06,37,495,319.5031196027994,47.09604303966357,-0.041050525154893096,-2.4364890331836957,0.1640460262759117,0.007374766960883403,-18.164066783373272,21.324973061365323,0.006532779181000578,4.990157722983997,-1.9410550349192388,24.532997046980416,-0.04916276881186484,14.5625
55,1,65,35,0.058333333333333334,37,420,312.3938376456499,64.31556720583458,-0.04185993628027363,-3.2145875270195887,0.7988702847909721,0.006739808350017788,-27.883908190626556,39.03118765687373,0.007458385077406971,1.862116749273837,-3.4822753608935018,9.175342948804325,-0.0492737254652932,14.5625
56,2,179,35,0.058333333333333334,35,104,315.18253493495286,45.75596084608658,-0.047695427246992474,-3.512366765965645,0.7284090331005664,0.006892809518029605,-22.753837182622696,35.00140582061431,0.007401476112978454,1.9498158459133639,-3.7004137015095115,10.778097996702217,-0.05527751771682504,14.5625
57,2,157,34,0.056666666666666664,34,470,310.97545442869887,47.02830077968885,-0.04910560740740681,-3.515785373353611,0.6890871430281996,0.005991643773232117,-24.166899623458896,34.542311595392704,0.007119627653407969,2.9337443385535527,-3.4274661496075716,16.339904382089745,-0.05569641555796214,14.5625
58,1,51,34,0.056666666666666664,38,371,317.09586134552956,60.92580166124638,-0.041445911198797605,-3.618701721574522,1.1069600013221113,0.006347110370597504,-33.03158449740113,39.94220888745448,0.007369911107544826,2.3596792686477337,-3.774485254695616,11.427391665906741,-0.04842773260645486,14.5625
59,0,110,34,0.056666666666666664,40,204,323.564905077219,50.36396434405328,-0.04847446801204722,-2.597426199723434,0.26613589304021856,0.007482919778763368,-8.763158318428841,19.670237860520555,0.0073171957998865046,2.927834133996787,-2.4960594702015366,16.60248248182526,-0.05670567976868692,14.5625
60,1,122,33,0.055,33,515,312.7570677623153,56.5343300655165,-0.040918095192940276,-2.9927309788016916,0.43812639193587644,0.007385379755734267,-20.84825206570781,38.93385191935398,0.006806840805969088,2.2413194928169924,-3.1701549895367496,10.991881953409985,-0.04904201292424797,14.5625
61,2,162,31,0.051666666666666666,31,397,319.8091052840464,47.65280153000908,-0.04991113016247631,-3.108751600887838,0.44450107856738474,0.006248646498702834,-30.044519841319797,30.261191835543077,0.0073019558924779975,3.77901498395465,-2.7660644643446695,21.459001037294602,-0.056784641311049426,14.5625
62,2,133,30,0.05,30,515,295.3528743144125,51.13203943517328,-0.04695472276088441,-3.7407574980022695,0.704314156244035,0.007119250285829222,-24.148468780870576,39.81634149252498,0.0073626279723629715,3.2725126698462246,-3.5734883090137,17.928754558031184,-0.05478589807529655,14.5625
63,0,51,30,0.05,30,274,307.514116557315,51.39853575987693,-0.04617766635965309,-3.6906269513711543,0.9226370274888315,0.0066482453608034744,-15.38126748222603,26.639772008828842,0.007142947993205655,2.098505472764424,-3.8564643311745215,11.22506027765411,-0.053490736256536914,14.5625
64,2,98,30,0.05,33,69,317.1916776658036,47.98833101589937,-0.04874401009371752,-2.5025106110047552,0.27091270353256025,0.007090943642857866,-10.619551645046865,36.61724963642073,0.007323926383008194,2.327247814086228,-2.5722405266757886,13.159201234231569,-0.056544048100861166,14.5625
65,0,168,30,0.05,30,406,326.59259373135865,45.21108851555844,-0.04549746071671389,-3.7089699910522897,0.8170420601219299,0.006272733392516969,-15.763044842944584,36.55222421014469,0.006921499199701388,1.677428783468817,-3.995840199279962,8.789302007895504,-0.05239746744848256,14.5625
66,0,135,29,0.04833333333333333,29,498,308.4624262228608,45.07992710410901,-0.04702458075877366,-3.746075289273577,0.6650494428800731,0.006718859964383797,-18.99523910576061,36.0977371208295,0.00716611938266387,3.5114460038849273,-3.5202268774038377,19.10764815596175,-0.054415326719595834,14.5625
67,0,97,29,0.04833333333333333,29,257,342.1881237011403,54.28300513608962,-0.04553830446978679,-3.3793045772926122,0.7958973551338268,0.006301823427386925,-19.587164534571254,24.53747043276389,0.007155101825895565,2.537071756645177,-3.441437240639487,13.312094217209198,-0.05247031023991241,14.5625
68,0,131,28,0.04666666666666667,29,416,303.5418424792588,50.85559599459284,-0.045500182710327,-3.5625008821127246,0.7717043178711452,0.006382941273675825,-16.57212146884182,27.00587419471115,0.007424859821532035,2.8568469437922728,-3.5405346582744697,15.004565281510468,-0.052521418111370406,14.5625
69,0,108,28,0.04666666666666667,28,459,312.41502066515386,50.46530547314781,-0.045779521252588405,-3.6831691902679937,0.8114994870253979,0.006781173142501462,-17.464884951705173,26.869542755612102,0.00717593875604279,1.7147949026687987,-3.9531417034826357,9.12936429433202,-0.053238811709340014,14.5625
70,2,152,28,0.04666666666666667,28,541,313.41870490973815,60.08027389114162,-0.04447791643121618,-2.269038325776335,0.27712469211201984,0.005119951488488557,-21.250820759554557,35.79070032516003,0.0062008262307375085,3.6670526919835447,-2.0795678302300784,18.375550826046624,-0.05010986306855359,14.5625
71,2,0,28,0.04666666666666667,28,517,340.88827271200716,50.0,-0.05,-2.75,0.25,0.0075,-25.0,30.0,0.0075,2.5,-2.75,14.5625,-0.05825,14.5625
72,2,185,26,0.043333333333333335,26,309,318.04418236296624,45.44423136382908,-0.04898921170860557,-3.6920925536490454,0.7308737319680938,0.007442671424690861,-13.700651291872658,32.307291754915234,0.007123921932736505,1.288517903510653,-4.049624559520156,7.367249328413944,-0.05717615027576552,14.5625
73,1,186,25,0.041666666666666664,31,242,312.4318319708109,46.53356316921684,-0.040170087727378914,-2.779091198135792,0.3322612961847825,0.007056333108167025,-10.323117770220883,35.88543102725109,0.005235626974424086,3.067384378194214,-2.7721294596764348,14.702603410331196,-0.047932054146362646,14.5625
74,1,162,25,0.041666666666666664,25,517,323.6389692723751,47.547233925390806,-0.040099720979268505,-2.8354848099657977,0.26844933971419443,0.006718804890459798,-25.319822725654653,35.28165143225061,0.00611218969509444,4.955684732884164,-2.389653798146854,23.534748175064276,-0.04749040635877429,14.5625
75,0,49,24,0.04,24,452,317.0432714782655,49.820114307060685,-0.0471323998073168,-3.4833908281583494,0.737212321635067,0.006585801377656215,-15.20377085649166,24.4064896894208,0.007375386923297826,1.3197092552954104,-3.850418353023514,7.176154158479279,-0.05437678132273864,14.5625
76,1,136,23,0.03833333333333333,23,164,297.11819826066494,60.47441908079507,-0.043247448695977145,-3.5428035236490563,1.2126195454449233,0.006107843527363575,-25.941992892676783,39.74232158371584,0.007218082003716411,2.060297025976411,-3.7548806475301015,10.294495896940122,-0.04996607657607708,14.5625
77,1,69,22,0.03666666666666667,22,118,294.5322936922312,68.16040857778951,-0.040435257901302375,-3.022323101158456,0.7956830754188727,0.006838011931519954,-16.892395648132492,35.87759644474151,0.00721057336313883,2.670237482170049,-3.1096196430414644,12.805676858864787,-0.047957071025974324,14.5625
78,0,54,22,0.03666666666666667,22,96,305.96250216290355,48.75180320468437,-0.04694973904594284,-3.5724220135383975,0.9029126073557663,0.0065164251114199455,-16.629227167825835,25.109331217214663,0.007144134936498521,1.792205016626554,-3.8140883118804,9.699020460012022,-0.05411780666850478,14.5625
79,1,77,22,0.03666666666666667,22,487,307.28495804965496,63.95324784171547,-0.04155504429484254,-3.517921618329859,1.0312899832137856,0.006434057177929113,-22.32675034713068,33.9167711743912,0.007232610311809596,1.7349087881581737,-3.8222829846420465,8.437296411507603,-0.04863250719056456,14.5625
80,1,44,22,0.03666666666666667,22,478,312.13948268443346,58.647578956686466,-0.044042388148076136,-3.490014958041569,0.661462934513011,0.0072663206137718464,-19.04606195383838,37.50339557194109,0.007376373104956682,4.024346990208563,-3.1730759031934737,20.940826722642296,-0.05203534082322517,14.5625
81,0,52,22,0.03666666666666667,22,279,315.6034987773746,52.64203262052783,-0.04629378494648164,-3.1821590758692,0.6847546362791231,0.006731433371812655,-15.192731039276712,32.88942092860245,0.007479213837824255,0.8440311420335816,-3.680559269077099,4.532308951340333,-0.05369836165547556,14.5625
82,1,21,21,0.035,21,202,299.57115718722343,58.33663257643671,-0.04133371570265481,-3.6117360333755757,1.1178045875214135,0.0061890096966447945,-26.132226663580923,39.30530355745863,0.006956854150738347,3.1024233562784973,-3.5931981549817866,14.935570605630696,-0.04814162636896408,14.5625
83,0,139,21,0.035,21,534,313.26592583209276,46.457002504189,-0.04830483223662694,-3.6153651968521587,0.5565243469539402,0.0066909410124027305,-21.41559855658574,35.28771606071814,0.007008840444310409,3.5317684823142868,-3.3620931595991905,19.659542407988898,-0.055664867350269945,14.5625
84,0,103,21,0.035,22,124,333.16866371780634,45.2620925789353,-0.049090675854917436,-3.073448800669497,0.47658850815684717,0.006898182457690355,-7.386990604461831,21.07016339180314,0.007488695367620152,1.8068439325927101,-3.2881865066433114,10.240952284688785,-0.05667867655837683,14.5625
85,0,195,21,0.035,21,534,389.5596917439252,49.09514105223209,-0.044269294281049726,-3.3299830350700237,0.46521254270153123,0.0070458331787756675,-19.89590623925744,37.298893739202555,0.006993849054842427,2.8402781701373874,-3.3194216792932743,14.77504489387703,-0.05201971077770296,14.5625
86,1,78,20,0.03333333333333333,20,528,308.7483054473996,61.780279046348475,-0.04386314770976006,-3.1235835502609723,0.6195310780205334,0.0062842066300325275,-24.41135253468703,38.7823458728847,0.007371951571948124,2.915780311930577,-3.111528731037489,14.805100507616888,-0.05077577500279584,14.5625
87,1,115,20,0.03333333333333333,20,521,313.35288093984127,52.02171632710685,-0.04391825814793284,-3.352853388475239,0.5250804612260658,0.007108733456008628,-31.013945794192047,23.65633230224984,0.006254803265608607,3.543603300677919,-3.1654551609882677,18.333846900522666,-0.051737864949542335,14.5625
88,2,167,20,0.03333333333333333,20,520,343.7275411882438,49.35770186119101,-0.04927686263403904,-3.1391779702044484,0.42822261153783603,0.006719682073830055,-16.810620514118465,39.99157915183902,0.00738321633626444,2.489009614484604,-3.1619187304594343,14.104847348460744,-0.0566685129152521,14.5625
89,1,79,19,0.03166666666666667,19,240,298.10775692760944,67.09637929215054,-0.04065286185764183,-3.2199017840356454,0.8809472442029855,0.006890803788073075,-13.813326537406452,37.27056195245459,0.006660953422901711,2.5130126155745356,-3.3412224072950574,12.120949924342684,-0.04823274602452221,14.5625
90,0,165,19,0.03166666666666667,22,464,309.5312895420939,46.25133606628254,-0.04538709418694721,-3.5345555233923593,0.6607191768580756,0.006174980677034222,-11.580332726627404,31.616707801276398,0.00722579131425465,3.448310869124256,-3.3640870790024904,17.99313884865907,-0.052179572931684855,14.5625
91,0,36,18,0.03,18,441,292.58703959546983,50.9225824245028,-0.04053772433266621,-3.5798053367491844,0.9372898873569966,0.005941126599037059,-15.330092919874113,13.964062559302574,0.006286339623585691,1.4021913826835926,-3.975435606642607,6.600530390552979,-0.047072963591606974,14.5625
92,1,42,18,0.03,18,317,296.5497015491128,59.14031539235042,-0.04493374249913581,-3.7453151545662764,1.0030296179489282,0.006769460453925996,-18.73219466267311,39.36603954172337,0.007369360493714075,3.5851030854106165,-3.5358060458705904,18.778823378862672,-0.052380148998454404,14.5625
93,0,48,18,0.03,18,251,299.970422424376,50.549003157073464,-0.045064529100675106,-3.62941094262805,0.9767755900300831,0.006359027936386003,-16.733372396476618,22.645575975641517,0.006944123341214189,1.3401055139484233,-4.006358442010906,6.976516917229713,-0.05205945983069971,14.5625
94,2,129,18,0.03,18,112,307.9623983288184,48.75834453694958,-0.04597119675515437,-3.3941484461483316,0.6529943891389354,0.007001046852152782,-17.146292566306318,34.59232025122155,0.00727695837722721,3.115729212778764,-3.2868006372893857,16.722850349344856,-0.05367234829252243,14.5625
95,2,138,18,0.03,18,119,318.6363377007656,46.9004051514216,-0.04849699726951699,-2.515235697727935,0.22148963232236052,0.007354296726602023,-28.356943174483142,32.41016199584083,0.00749532062943086,3.784092383296688,-2.174837383665179,21.412939003074186,-0.05658672366877922,14.5625
96,1,152,17,0.028333333333333332,18,459,283.86013762652874,56.13272305172495,-0.04473464905168067,-3.544591847486339,0.9743667827277607,0.005807206426279333,-26.16545170820537,32.2714439514461,0.006847060384674523,1.8880508823598658,-3.7885845304949544,9.652202495298546,-0.05112257612058793,14.5625
97,1,37,17,0.028333333333333332,17,368,294.8313600644469,63.088605028833065,-0.045013212306872684,-3.694337988496046,1.0352041098655036,0.006657950717859474,-22.87754571724316,35.51059954273318,0.007274384911669587,3.5445978369379283,-3.4961321887141863,18.551346846082907,-0.05233695809651811,14.5625
98,0,30,17,0.028333333333333332,17,111,298.1028930488974,51.5343688253657,-0.04413357034354942,-3.5417187777258214,0.967966927862753,0.006328537901997957,-20.06425058917715,19.581753025500724,0.007195519743847133,2.0884375460553186,-3.7350941848282155,10.670863712972551,-0.05109496203574718,14.5625
99,1,132,17,0.028333333333333332,47,123,326.5808721780777,45.85390209731222,-0.04805183138645858,-2.0404562074073196,0.1539405285363521,0.007175475669737092,-28.050789345775172,32.23844970014712,0.005987163228430703,1.7083703569508901,-2.2891569865656987,9.557453126214954,-0.05594485462316938,14.5625
100,0,100,17,0.028333333333333332,24,510,370.57349176704884,45.828850851440144,-0.04750951399625781,-3.1380096491346747,0.42503474557769616,0.00738914243578797,-18.84953869141628,20.053293173935526,0.007490859568301507,1.0783233203741343,-3.5635036783806275,5.999528994849006,-0.055637570675624574,14.5625
101,1,131,16,0.02666666666666667,24,403,298.4001477137208,64.32143459104422,-0.04229006485352115,-3.602864392308315,1.2493892280868404,0.005852632878606347,-32.57704333727136,35.268434201351525,0.007426099677571815,2.3206084225004284,-3.7645878675564117,11.307851675425704,-0.048727961019988136,14.5625
102,2,117,16,0.02666666666666667,16,536,301.3119577402249,48.231526687457816,-0.047869902043211045,-3.739644668047571,0.6446021793577279,0.006885300859649828,-16.332796989993096,39.235668476868184,0.006823418734172939,3.4585447863851573,-3.510426518360052,19.175463366623443,-0.05544373298882586,14.5625
103,0,28,16,0.02666666666666667,17,358,303.3302096389234,48.86765108900617,-0.042664876277031104,-3.657966381990002,0.9362560912992787,0.00602848940218168,-11.635056523138246,26.724677960343953,0.00720773987086954,1.7671570464514672,-3.948706780593317,8.711415302811124,-0.049296214619430956,14.5625
104,1,144,15,0.025,15,93,294.5025712624192,60.036959832827634,-0.04072350022742026,-2.708811328937079,0.42361166141949985,0.007415555968059378,-18.15806722145871,39.09603499533844,0.006464920993195062,3.052349934307256,-2.6910435156696577,14.920073219308136,-0.048880611792285575,14.5625
105,0,146,15,0.025,15,119,295.8652227576822,46.25970776376504,-0.0467507625055206,-3.654655112222927,0.9392387278294764,0.005975737514691392,-22.30860819136337,35.0384481958299,0.007392735306213458,2.902012034910488,-3.6093273782624724,15.474710383587333,-0.05332407377168113,14.5625
106,0,136,15,0.025,15,113,299.06641560792923,49.0303378470447,-0.04680839426883987,-3.4434284025513806,0.734336016840841,0.006671825983388664,-17.47226619128851,30.165881612703817,0.006929320423268746,2.8170513667468016,-3.4090875679928634,15.253601520598055,-0.0541474028505674,14.5625
107,2,151,15,0.025,15,91,300.50111085316166,56.10673904480407,-0.04398621829272567,-1.9329543850704567,0.2337724937411036,0.005670567076457294,-26.865273624631378,38.14809111596725,0.00662859177814719,2.5773452224946825,-2.0133568824726407,12.944417943204185,-0.050223842076828694,14.5625
108,0,106,15,0.025,16,370,308.87624069303274,49.42192303725606,-0.04856261510797298,-3.0649505186219868,0.500134450926264,0.0067102894874723805,-8.749822125776893,18.76674414464737,0.007370193509678875,1.736324683178862,-3.305888222000783,9.713683268689953,-0.0559439335441926,14.5625
109,2,69,15,0.025,15,493,321.39832023577765,46.06343940293222,-0.04859581732342717,-2.488955682963703,0.17089688351660198,0.006695402428562617,-24.886202920645008,34.862782201606805,0.00729310869416423,2.3853301527389403,-2.5492798985679994,13.348488818589331,-0.05596075999484605,14.5625
110,2,42,15,0.025,50,132,337.8256144011393,46.21526708712278,-0.04921001374175654,-3.2434696806003647,0.5582148676498648,0.0071762903747859775,-31.611768473836918,35.34190456160717,0.007355936585545498,1.7601976925946605,-3.4676251892740755,10.05142113757877,-0.05710393315402112,14.5625
111,2,28,14,0.023333333333333334,18,434,296.6583957769908,58.85217275885738,-0.04166705772692581,-3.700216376352021,1.2302650676479616,0.005558984260741375,-30.73072860979964,29.24447814096277,0.007272439717516806,2.4343789078756575,-3.8458361615346424,11.631934792058335,-0.04778194041374133,14.5625
112,1,149,14,0.023333333333333334,47,255,315.9109759107232,58.65785620801789,-0.04222216389931933,-3.3111786124562497,0.9088871910578753,0.006258202013628859,-33.26102963870916,39.38299822261743,0.007261869785271189,1.8093351485030693,-3.59329583073338,8.884954854555637,-0.04910618611431107,14.5625
113,1,184,14,0.023333333333333334,14,277,320.8264381662011,46.27004255202413,-0.04657297092482751,-2.580017220016933,0.26833285526911876,0.006429311884409075,-29.858365734984815,16.14847500142202,0.007238962908022254,3.4921730720026747,-2.3727434757190813,18.73383717645103,-0.05364521399767749,14.5625
114,2,29,13,0.021666666666666667,13,497,287.36791338119656,61.37175892968378,-0.042214436227751485,-3.449604229713746,1.02958760794278,0.005369199091053469,-33.91644208797304,32.49121984016678,0.007125643456711954,2.866461108327345,-3.4878123610563607,13.793570007192297,-0.048120555227910304,14.5625
115,0,64,13,0.021666666666666667,57,467,344.2214661464095,46.49333694909928,-0.049813013610206236,-2.93816915677012,0.3682538619458382,0.0069815528588118795,-25.451872514987567,20.364934881143732,0.007437720242316264,1.6140836662379412,-3.200666206165868,9.279806311214571,-0.057492721754899306,14.5625
116,0,89,13,0.021666666666666667,13,140,386.5045970827341,50.44829803871039,-0.041796564576203635,-3.6835310447465206,0.9883583567282338,0.006614837964226031,-26.33660157808886,22.489067013545267,0.006734114498027529,2.4843556670298517,-3.8013485030054897,12.191450326847072,-0.04907288633685227,14.5625
117,0,122,12,0.02,13,88,292.7338952664286,48.855298389226846,-0.04523619265407407,-3.5085168338891135,0.8206598234970843,0.0068520879804610055,-10.293033459629221,28.321081090337636,0.007066135293158535,1.847355924336748,-3.747692601101993,9.749141835120158,-0.05277348943258117,14.5625
118,0,4,12,0.02,12,203,295.97816258482635,54.533440988001786,-0.048278273468001155,-3.4019178132244425,1.000946513960519,0.00537113029003302,-15.90427454553409,35.974010936368146,0.005440195092112847,2.572568782413352,-3.43285708544113,13.939854151404965,-0.05418651678703748,14.5625
119,0,158,12,0.02,12,437,299.6473830193281,52.3373822696145,-0.046993604015459496,-3.372957581178755,0.6933386128568085,0.006052132779103987,-12.814197859111758,22.716061136094723,0.007019003280570929,3.030104584952486,-3.2887678648543064,16.256798980166003,-0.053650950072473884,14.5625
120,2,130,12,0.02,12,106,307.2140083857812,45.25653764915134,-0.04732808369724821,-3.2867837637656603,0.5184864385113536,0.0071976329715120755,-24.644863437450393,28.545437930995178,0.0070278412343583434,3.3194183189631605,-3.0991649661772676,18.33828582387589,-0.0552454799659115,14.5625
121,0,179,12,0.02,12,76,320.2558061052114,45.31400047792539,-0.04378859140916893,-3.7343596315848626,1.0594321133278657,0.006395361140086497,-13.27280764645524,35.18581715591135,0.0068044212106186325,1.1831233456749084,-4.1591820209884345,6.0130455946151775,-0.050823488663264076,14.5625
122,2,97,12,0.02,46,530,327.49899416510016,50.9599945883535,-0.046720030723766175,-3.146412636863445,0.459351044207317,0.006785755214166582,-34.06936327000078,33.35788737210678,0.007408480167500777,2.1571981275319527,-3.2892147249508596,11.688640308162306,-0.05418436145934941,14.5625
123,1,167,12,0.02,26,112,327.7667844593525,67.83409869740814,-0.04280654104759167,-3.207251447212107,1.013564643121663,0.007261729878339657,-25.391244817700333,34.80447486864414,0.007338468036701313,1.1034257137402705,-3.6523600793255913,5.60478955295866,-0.050794443913765294,14.5625
124,0,27,11,0.018333333333333333,11,148,301.47283326648176,57.543591214629046,-0.04376157294867173,-3.7108716380185323,1.40046960331451,0.0062453283293594335,-11.791430708973603,32.458660197519364,0.007323681900665139,0.8385170097860691,-4.223521784239678,4.245531873190852,-0.050631434110967106,14.5625
125,1,74,11,0.018333333333333333,11,549,305.6963297277689,65.01480471189737,-0.04005737364951897,-3.060990519212192,0.5620324003766195,0.006707368065272642,-18.95224715801136,32.77400623808352,0.007218910259915591,3.271891062085746,-3.0133938684780635,15.52037181996636,-0.04743547852131887,14.5625
126,1,96,11,0.018333333333333333,11,63,306.73645812273026,46.778267244820036,-0.04533918899244979,-2.7862299879823427,0.32961786432127055,0.007484163426256496,-11.681310438909232,39.18263420973361,0.006687558574231243,3.00301811633231,-2.710442839166659,16.08769921142451,-0.053571768761331934,14.5625
127,0,86,11,0.018333333333333333,11,378,307.2362044416368,51.9029526482574,-0.04384506253948547,-3.7331602737988163,1.0359197703530052,0.006052058540205095,-10.376537147788659,28.63030701046747,0.006950254993752692,2.0546187429077403,-3.9411724152583627,10.376302747845717,-0.050502326933711074,14.5625
128,2,95,11,0.018333333333333333,11,525,310.3970239008777,50.9861325440688,-0.048437886223985545,-1.871784001241523,0.12204517685232617,0.006604515402856562,-12.095462422419335,37.468267409479836,0.007093528084223334,1.4493428721865034,-2.194234668779528,8.073253319822802,-0.05570285316712777,14.5625
129,1,97,10,0.016666666666666666,10,546,280.4398293942213,48.73062807872811,-0.04095787510685935,-3.348902325016651,0.3863865452694611,0.007344210578929638,-13.905946293932207,39.56067768486091,0.006311482611482291,2.9678112424766057,-3.3493689339644312,14.55310960056792,-0.04903650674368196,14.5625
130,2,115,10,0.016666666666666666,10,555,282.5330991661176,46.40405898428972,-0.04642800607356516,-3.6807642078491605,0.4934937770073191,0.007350460889271672,-24.053304230493808,32.85468745782405,0.007109405980179731,1.9792763008496999,-3.868233126990316,10.789730445941728,-0.054513513051764,14.5625
131,2,54,10,0.016666666666666666,10,551,286.41793803079054,45.562218265202496,-0.049439560171117794,-3.3226302957968166,0.3566488838168873,0.007287516778038524,-22.38712997309407,27.29020290663025,0.007363917422856811,2.1428498211999685,-3.434461555871034,12.311921210017765,-0.05745582862696017,14.5625
132,1,114,10,0.016666666666666666,10,559,290.304110750556,45.635694591182016,-0.04634644708135232,-2.578938128813627,0.10578190196135509,0.007473866943002322,-15.84840765684104,28.986924614919417,0.00746095790610099,3.5227095006214553,-2.347376975960467,19.222615774867375,-0.054567700718654875,14.5625
133,1,176,10,0.016666666666666666,12,512,295.134342931211,45.4780875724954,-0.04531062402486602,-2.1614424119208504,0.09450673208996885,0.006744550947761643,-29.239643028354678,38.324752178859285,0.006858878565098774,1.9990252987018642,-2.3612813582405705,10.540786449593073,-0.052729630067403825,14.5625
134,2,181,10,0.016666666666666666,10,554,295.5059374650009,52.60864980440725,-0.04710349950000593,-3.4975919010146854,0.5040930265782488,0.007447527989054393,-26.72634305996798,36.390446672098264,0.007480996735032482,2.375475435252792,-3.5685056540788573,13.135376774719822,-0.055295780287965765,14.5625
135,1,164,10,0.016666666666666666,10,153,301.71866814792156,47.28030000983875,-0.040477299369901146,-3.183655322931147,0.4957656651351505,0.007074008809649989,-21.237301340608667,37.52779984709665,0.005686951555353615,3.7341901277455047,-3.011816396217035,18.02071949515219,-0.04825870906051613,14.5625
136,2,113,10,0.016666666666666666,10,87,303.0076847849414,47.62135655527318,-0.04944752881031963,-3.487940036880074,0.6458790499164571,0.007249452142814225,-22.709497611070994,36.99913495052677,0.006761113179582688,3.324945882986236,-3.262845345569747,19.092479700348704,-0.057421926167415274,14.5625
137,2,149,10,0.016666666666666666,12,472,314.36048840964213,45.80630480151162,-0.04877893585365651,-2.291341012533352,0.14030545863143407,0.00713626808717838,-25.4742913610235,37.6220916612191,0.00736933945124529,1.5257487363636923,-2.585623245119629,8.640136695788348,-0.05662883074955273,14.5625
138,1,158,9,0.015,9,47,282.35018127411604,60.96352400543974,-0.04232713069854071,-3.606929783989515,1.324599237357015,0.006381043294226805,-24.61115164133011,29.846517127936167,0.007142388368808502,2.625403873556243,-3.6867870289440345,12.95539102526626,-0.0493462783221902,14.5625
139,1,93,9,0.015,9,572,283.6848810464144,47.80334778818217,-0.04174908802894711,-3.10445116319657,0.22552296034617925,0.007427214548617029,-21.820363311666835,30.943427314806783,0.0070514193159096315,2.310443777821492,-3.254961683895961,11.533509847063982,-0.049919024032425846,14.5625
140,1,84,9,0.015,9,30,288.4988371580839,65.89463222610658,-0.04080603908051604,-3.125524777104401,1.051370679508758,0.006328735436540113,-27.06219318623829,38.25644604964884,0.007453071186910613,2.3547560681284923,-3.29021652238155,11.248115913118347,-0.04776764806071017,14.5625
141,1,29,9,0.015,9,515,289.5949951335788,66.30473420059323,-0.043418414016507464,-3.4883193740352314,1.0448704439083998,0.005913938671445625,-20.634188914603612,32.66027984770082,0.007185120417956412,2.4805287533099722,-3.5965825109737235,12.38372888028794,-0.04992374655509765,14.5625
142,0,182,9,0.015,10,76,290.6391641423106,46.340980293522485,-0.043930304321931776,-3.6015052576098023,0.9012665846090591,0.006204929400330311,-15.740349704508496,36.53031779629903,0.007012316289917364,2.9538586597675542,-3.580137351463486,14.992524273421541,-0.05075572666229512,14.5625
143,0,39,9,0.015,9,276,290.7075822483748,51.42463803018071,-0.04454940919975412,-3.709938985783802,1.0669451452433965,0.0064787577351455615,-8.065050485096053,9.570653853658184,0.00639583891570426,0.8313567103346011,-4.220075284408859,4.296122486917762,-0.05167604270841424,14.5625
144,2,17,9,0.015,9,80,291.93719058996066,61.33613715950359,-0.042629268041018076,-3.310386797279868,1.096626863007696,0.005925128363163856,-28.93084834042207,34.244021111426036,0.006950211411390203,2.6414749049711124,-3.388920215351408,12.982032741566917,-0.04914690924049832,14.5625
145,0,75,9,0.015,9,210,302.0477854497731,51.81815009434653,-0.04679863895501514,-3.3485462467192115,0.7910363940002547,0.006870088523704961,-10.248041413671292,24.14981698717574,0.0069550059331564005,0.5389343737668836,-3.926594117534368,2.9294174720234154,-0.0543557363310906,14.5625
146,2,49,9,0.015,9,62,304.2186673572287,52.49113536279982,-0.04995179082558653,-3.0688384176510906,0.5468575404121356,0.006779298962572433,-17.685452179253147,35.771186056806776,0.007436487321074081,3.2090503430596486,-2.8770179525498234,18.4228434312994,-0.05740901968441621,14.5625
147,1,62,9,0.015,10,511,312.0392644330859,49.60861509291234,-0.047960638142159444,-2.346105907049559,0.144018089435474,0.007113036330606143,-25.659611616886313,23.165366125642496,0.007411510827816871,2.297510487738813,-2.432856834507429,12.816657225641576,-0.0557849781058262,14.5625
148,0,145,8,0.013333333333333334,8,559,261.39506115950644,45.39741923268989,-0.046589010613363215,-3.514105632080722,0.4415814502565112,0.006448395748649839,-24.939459836755834,33.856739436561206,0.0074681465322241234,2.4736843140249096,-3.5778681893234947,13.279292971568264,-0.05368224593687804,14.5625
149,2,39,8,0.013333333333333334,8,270,279.3767387010157,66.04207826813479,-0.043863327647954045,-3.342265009612364,1.1987733236008624,0.005172269153771267,-32.14044307339799,26.14481419516268,0.007265466023198781,3.1908503121707694,-3.2801990044128932,15.811564302665944,-0.04955282371710244,14.5625
150,1,121,8,0.013333333333333334,10,51,284.4826934337616,69.83768097846233,-0.04029136881731125,-3.298565365120988,1.095197528840146,0.007156228864556475,-32.115143166450366,37.58395729748592,0.007421613548981875,2.6702674938253272,-3.383119447864049,12.860868228153329,-0.04816322056832337,14.5625
151,2,31,8,0.013333333333333334,8,333,291.1476748008281,55.2202833154177,-0.04186707927789484,-3.734330421255776,1.2249233761532805,0.005539914875224389,-25.260715860913407,18.61675641319378,0.007093854157920697,2.9730711423981466,-3.749404268503402,14.259142236916363,-0.04796098564064167,14.5625
152,0,155,8,0.013333333333333334,8,510,291.5770708806813,46.54894354552154,-0.04939187662882247,-2.7194319432803162,0.23172263230930096,0.0070020739840564155,-18.29968472207617,16.569278598102716,0.007263488464417184,1.876726092786701,-2.910613740831643,10.715009608546453,-0.05709415801128453,14.5625
153,0,178,8,0.013333333333333334,8,91,292.1703502871096,53.65407715662397,-0.04034425294702557,-2.8773553728428003,0.6605148167013389,0.005493692337036611,-19.46529329034921,22.713133865057795,0.006471476497579394,2.5536320904584,-3.012357463312257,11.845613494275366,-0.04638731451776584,14.5625
154,0,71,8,0.013333333333333334,8,55,292.41429219581187,52.053267297126176,-0.04619693436162373,-3.5396152628170516,1.0174578917120474,0.006282596930998121,-15.520153707354032,37.605258598453325,0.007408755318229512,2.227634721847615,-3.675369539350168,11.830475920041936,-0.053107790985721666,14.5625
155,2,187,8,0.013333333333333334,10,536,293.71881800703704,46.77824169480855,-0.04825838158155471,-2.6665558932390176,0.15003167007536222,0.007011551327584051,-34.47738175906873,34.70226132191416,0.006983124257658843,2.583369230943738,-2.6716789984763833,14.459398666988015,-0.05597108804189717,14.5625
156,1,63,8,0.013333333333333334,8,80,294.9590601846576,54.7274070737798,-0.04125267969294345,-3.5030682323453597,1.0737707032980073,0.006179091044358869,-22.303392974563593,31.64923949130035,0.007321272918675775,2.3775991807571573,-3.6590059894708054,11.424287942736047,-0.04804967984173821,14.5625
157,2,183,8,0.013333333333333334,8,37,297.62693735864013,50.33781059366853,-0.049910567578613445,-3.133806330047596,0.6034269679644544,0.0068472794904882416,-24.441010830185167,26.853838242384885,0.007393255850173209,2.335112705909906,-3.190900702612602,13.41348867850662,-0.05744257501815051,14.5625
158,1,94,8,0.013333333333333334,8,508,297.96570201963186,49.574877791225944,-0.04293093379367212,-2.3329191394506226,0.13853699870594954,0.007384711892822654,-16.791504862399975,30.216964227727914,0.007423011004901329,1.0494041912753311,-2.7903086118252878,5.357640423130103,-0.05105411687577704,14.5625
159,2,125,8,0.013333333333333334,8,540,299.4221633109264,57.117538604103856,-0.04705866244813649,-3.5264647951443298,0.6495949602260992,0.006965927971049294,-19.00367142772082,36.22768161877126,0.007288416924132279,3.2191001934753833,-3.3747713048663543,17.615297147876337,-0.054721183216290714,14.5625
160,0,193,8,0.013333333333333334,8,45,299.61587594635785,51.5563458326942,-0.04275136790463609,-3.104204152633175,0.6647706848595336,0.006473194807950025,-18.20527649369123,29.68185203384776,0.0072389727938107495,2.4707761684280705,-3.215523377640823,12.322225799805832,-0.049871882193381116,14.5625
161,1,45,8,0.013333333333333334,8,477,307.15745836496353,60.62326339370423,-0.043044520672587794,-3.331897720530094,0.5513034668812158,0.007159522273423013,-14.395296831136456,34.71327562809243,0.0069156876124398525,4.8756735478540705,-2.8218583253914513,24.826927352357465,-0.050919995173353105,14.5625
162,1,57,8,0.013333333333333334,15,166,311.0408181399107,62.229953971026234,-0.040277619686989334,-3.523606991723354,1.1323989444254934,0.006580727714909204,-33.292641574592125,34.76396069130618,0.006784518888440502,2.6385602363503082,-3.6242295555493986,12.537493684321904,-0.04751642017338946,14.5625
163,2,171,7,0.011666666666666667,7,558,275.57073277886957,52.18313753216246,-0.049278489396343446,-3.6176810238265484,0.45190324666593684,0.007305606439627843,-21.64670722391987,39.46355569044429,0.0071806541051885695,3.3848205856314157,-3.377306497970641,19.39998291116739,-0.05731465647993407,14.5625
164,0,134,7,0.011666666666666667,7,22,278.71463195979595,50.646740627894395,-0.04648611701392973,-3.7496060769111454,1.114548216986044,0.007030030908192234,-17.49253372515413,31.514233189888852,0.007256517316911959,1.7265524960756458,-4.008057627854677,9.361221051649599,-0.05421915101294119,14.5625
165,1,172,7,0.011666666666666667,7,571,279.5746128037572,48.743495125406135,-0.041024631307431586,-3.06732230830631,0.18819014122770522,0.007150019731525943,-19.17126855082307,29.659023944901026,0.006377451413548511,3.4621950814006466,-2.9498525833586373,16.926551618991198,-0.048889653012110124,14.5625
166,0,199,7,0.011666666666666667,7,551,281.5420529115945,47.40590423933133,-0.04453603622297846,-3.6346780530387046,0.5724824750919189,0.006803594862231546,-18.156414712651706,28.247867576232405,0.0072889584496441335,2.1883891576503824,-3.792617800784483,11.383998334759946,-0.05201999057143317,14.5625
167,1,76,7,0.011666666666666667,7,563,284.7181467562914,67.46484953240567,-0.04076531204424682,-3.050730665203617,0.537078431148126,0.007021727582392752,-23.91229975339634,37.31293460797971,0.007411124521716236,2.028983077233498,-3.2854722309491926,9.838379135730012,-0.04848921238487885,14.5625
168,0,113,7,0.011666666666666667,11,67,285.8654791470617,49.99100877147708,-0.04776316664059616,-2.114321341114807,0.17320161023968686,0.007211132029342317,-10.1776176242979,22.631067211205714,0.007377732541013325,2.995998409109903,-2.008787903611911,16.686336536584744,-0.05569541187287271,14.5625
169,0,157,7,0.011666666666666667,7,292,286.34440022334456,51.047086842052344,-0.044238335740034426,-3.694524542924706,0.7738535557474004,0.006781964512424267,-20.13724685085549,23.936843620971697,0.007283753405734984,4.346217857597277,-3.3016360008190286,22.469292958455977,-0.05169849670370112,14.5625
170,1,111,7,0.011666666666666667,7,568,286.47564531862736,49.861904284899374,-0.04425299552233835,-2.168301153746231,0.07779460075080927,0.0070258663144270785,-19.615938481251494,36.02141604764393,0.007235113631882663,2.8089197287776178,-2.1663795612824126,14.60117161327869,-0.05198144846820814,14.5625
171,0,143,7,0.011666666666666667,7,534,288.31341183930635,47.09290542741223,-0.043409954225275764,-3.611704612560447,0.6013118618426196,0.006208401928228959,-21.387326448086398,39.306289088037374,0.006441277629719543,4.087177632525897,-3.3149980717535783,20.5336519582787,-0.05023919634632762,14.5625
172,1,64,7,0.011666666666666667,7,57,290.45676343142986,59.088918361065474,-0.04683308537660207,-3.7127037913275984,1.1121661760777464,0.0072971870891872905,-5.832608069705005,30.89749008495466,0.00685667486134914,2.640100536917244,-3.716624868206312,14.48358921556221,-0.05485999117470809,14.5625
173,0,132,7,0.011666666666666667,7,542,296.05210695043206,51.51092516256099,-0.04562685505339459,-3.617778480164134,0.7641026644098385,0.006092005072790199,-19.671815259499905,27.650275324318958,0.007207134067363146,2.5290585230549234,-3.683788029024092,13.234072773999646,-0.052328060633463805,14.5625
174,1,34,7,0.011666666666666667,7,495,296.65527387708426,63.09562809908413,-0.04413582427081081,-3.379983449221991,0.9112034205273181,0.006590020983336838,-15.386031478125712,33.0524089495011,0.006879671511787847,1.2099787748965556,-3.7946486127970633,6.217457464780188,-0.05138484735248133,14.5625
175,2,48,7,0.011666666666666667,8,510,305.0514387250878,46.38116620630523,-0.048492218568504455,-2.661459305441519,0.17436977390206887,0.007449303825774649,-25.99143928586826,34.55681805822951,0.0073635829239765945,1.8984318238351117,-2.8503291771258543,10.761536593191076,-0.05668645277685657,14.5625
176,2,85,7,0.011666666666666667,13,509,305.31645828997716,46.089200002273785,-0.04685230524631777,-2.806900303559591,0.2716531762619455,0.0066081156861608386,-27.934106099418322,39.60053855489095,0.007217525270823848,1.5626877215699642,-3.1102598131817976,8.457458550569395,-0.05412123250109469,14.5625
177,2,8,7,0.011666666666666667,7,448,321.99003304122016,55.58326919659156,-0.04305507881822969,-3.1032855345375747,0.5630418239993639,0.007277324853040841,-10.471346778491107,32.89238193501355,0.005275487557733589,1.5160880594836659,-3.44223760736963,7.741166274259297,-0.05106013615657461,14.5625
178,2,79,7,0.011666666666666667,35,72,326.6100408989005,46.61708517962307,-0.04776207926543641,-2.46762564074583,0.30253453362474786,0.006544406113825907,-26.68780636342694,23.496991096383415,0.007418317759740312,1.4647145045526666,-2.7912215023650604,8.050206548214323,-0.05496092599064491,14.5625
179,0,88,7,0.011666666666666667,20,44,328.265558924526,45.88135978059428,-0.04902062959041572,-2.0521626910318984,0.16315834222195963,0.007488421694711714,-27.327225383148637,24.866814784700487,0.007430237987100994,1.8346569920276241,-2.253786849587471,10.504859457525207,-0.057257893454598606,14.5625
180,0,167,7,0.011666666666666667,7,522,330.02994543872774,48.471458649489456,-0.041076082860272235,-2.997610067552298,0.29216563799331063,0.007384943841102169,-14.047359431912557,26.072022515501757,0.007137461646911572,2.4029435290242698,-3.133767272230533,11.822367082345838,-0.04919952108548462,14.5625
181,0,84,7,0.011666666666666667,7,31,339.62288560532033,46.53825212676978,-0.040671564897669994,-3.540796592005735,0.9598030972659937,0.006259143881174086,-17.260177103961812,30.79509872572483,0.007493494044623506,2.2240092285894897,-3.7388541304192797,10.57663688038751,-0.04755662316696149,14.5625
182,0,77,7,0.011666666666666667,7,337,342.86802588030696,48.40684745176007,-0.04082471453514552,-3.454551939324587,0.8987528819771297,0.005746632181459259,-13.896488081977921,17.2927440017385,0.0058823787631746005,0.9189363647834008,-3.962884699079665,4.332418298348192,-0.04714600993475071,14.5625
183,0,96,7,0.011666666666666667,7,549,354.8475049454719,54.95335964907308,-0.04454794018594645,-3.5954016715622394,0.6926973023412415,0.007078315687473783,-16.840646730324888,35.99187031190685,0.007295087432187845,2.090099290993429,-3.775485987884714,10.938343905766263,-0.05233408744216761,14.5625
184,0,81,7,0.011666666666666667,7,414,377.5576783679426,57.83762814725763,-0.042326781516310724,-3.7203034247793294,1.2306006567626442,0.005355238021534354,-23.825496427692435,26.622640171191552,0.006751296575032793,3.2035546695080463,-3.6763648628037258,15.446753611905887,-0.04821754333999852,14.5625
185,0,176,6,0.01,6,547,263.9283231422305,56.68850864463659,-0.04045140682925243,-3.2652690102540345,0.541980563919305,0.006984998576614278,-19.563770112196625,23.567660126188642,0.00745141383923483,2.628333292032262,-3.360228716983686,12.651457401294998,-0.04813490526352814,14.5625
186,0,154,6,0.01,6,33,283.04070333205163,56.32241388258483,-0.04536452925347644,-3.6275133019082424,1.0740523514129976,0.006933514434947048,-14.159848369546683,25.3302746809456,0.00732088117983365,2.875331866416958,-3.594008094823888,15.236784706869685,-0.052991395131918195,14.5625
187,1,150,6,0.01,7,533,285.6462112814188,49.18920092643098,-0.04284065833691648,-3.1232495378468794,0.37608982467557023,0.007439084108561871,-22.182429990145,25.053323399974488,0.006374397161074913,1.5122730482308064,-3.463443715237396,7.716169201237342,-0.051023650856334535,14.5625
188,0,183,6,0.01,6,528,298.1149388179183,50.29160209442892,-0.04545972643873858,-3.0071273325697985,0.33820702645495504,0.0065846348773938536,-18.55003910889101,33.135977005999145,0.007089341334826259,3.689813591904796,-2.7644483326823677,19.446359929310344,-0.05270282480387182,14.5625
189,1,46,6,0.01,6,149,303.1577793136239,51.41638596637672,-0.044466009035362464,-3.4732608190524403,0.6698319664592074,0.007004634723088477,-28.34586010373493,39.40136232808035,0.00707650969341614,4.25244316237897,-3.0944755976812504,22.18546682171845,-0.05217110723075979,14.5625
190,0,126,6,0.01,8,92,306.95825942792,47.15220636255025,-0.048831119959980636,-2.498852000512995,0.2562377938665065,0.00747962623272481,-10.52987107485162,6.106730585961511,0.007298547857167057,1.858190279693936,-2.6956197391252164,10.602593809373687,-0.057058708815977924,14.5625
191,0,144,5,0.008333333333333333,5,584,266.3965670540929,53.87834957079171,-0.044653473197279414,-3.5267537005534026,0.39463746933675037,0.0065922235065828064,-25.955889877579708,39.28782463563196,0.007140750744196154,2.3994986648959244,-3.631496324992296,12.454578397285298,-0.0519049190545205,14.5625
192,2,156,5,0.008333333333333333,5,69,272.84829403692856,45.40376924807734,-0.048894463308298906,-1.8086367370500036,0.13528470600898362,0.006429181976356919,-18.742579803942473,33.13740063851152,0.007432053553488565,3.4243211634929445,-1.5799509952692843,19.164748778038224,-0.055966563482291516,14.5625
193,2,34,5,0.008333333333333333,6,591,279.36853075632825,46.54786495361376,-0.0458377061822034,-3.335477466300741,0.21346772289854105,0.006894096071247736,-28.842348743408614,36.879905730744724,0.006959082475719828,2.234715752613439,-3.465882790891821,11.938122366852886,-0.053421211860575905,14.5625
194,2,175,5,0.008333333333333333,5,545,281.27681267261505,47.11506864789591,-0.048895698183553375,-3.072769627443747,0.2949288800701233,0.007035770433419381,-28.492774052800442,30.232035414345937,0.007179675160982888,2.807590170583288,-3.0062695128342702,15.900799750643525,-0.056635045660314694,14.5625
195,1,101,5,0.008333333333333333,5,520,281.71581899374723,46.99980679137789,-0.04269035856527206,-2.8037461317427783,0.2307866603364452,0.006713326083781523,-22.30375854778668,32.60767844594538,0.00636985340847512,1.628762746951419,-3.1220835134360247,8.156032266185424,-0.05007501725743174,14.5625
196,1,113,5,0.008333333333333333,5,553,282.56458404660225,53.09148860126629,-0.041160165394423506,-3.1893281203576533,0.4050591630132383,0.00735443131674776,-22.295821350419274,35.36991800663977,0.005723770253897654,2.2002422169444085,-3.3744878836378343,10.836201684842402,-0.04925003984284604,14.5625
197,0,38,5,0.008333333333333333,5,442,284.4191792681813,47.09836707419148,-0.040353221492400296,-3.7201290521563433,0.9399476670883681,0.005551062580227142,-9.775551314930073,6.790604709364374,0.005637239687861012,2.9841110730934775,-3.7548376108971984,13.863998113486515,-0.04645939033065015,14.5625
198,2,180,5,0.008333333333333333,5,11,289.57435351377353,46.4413953756487,-0.04903945340475172,-3.2490484778664124,0.5840365285944958,0.007330765014352461,-17.82312680383194,39.479614066658485,0.007064501707619961,2.3835242693870113,-3.2963429761095204,13.610708930506979,-0.05710329492053943,14.5625
199,1,61,5,0.008333333333333333,5,304,290.7182307243347,59.76007585496947,-0.04240023767238427,-3.3865623818618817,1.050230356976335,0.005133262782073348,-31.86180737829119,33.989166556919486,0.007214612241148954,3.736724499185006,-3.218049904453012,17.953775456004617,-0.04804682673266495,14.5625
200,1,112,5,0.008333333333333333,6,527,290.8625673055649,55.572509574763295,-0.04082879002578467,-2.4610680443383446,0.22396198255489808,0.006817031423212872,-29.083965463820387,30.724758311850483,0.00591219760932833,2.7180566288724006,-2.5319659918819495,13.13569485724281,-0.04832752459131883,14.5625
201,1,165,5,0.008333333333333333,7,537,292.81855234503746,48.901495451010184,-0.04944510065035087,-2.6179128010149775,0.13934413415841224,0.007494737650267592,-29.016666701407416,30.70466913597592,0.006732574555936597,1.6448898724137406,-2.8700022697185616,9.489256516329563,-0.05768931206564522,14.5625
202,0,181,5,0.008333333333333333,5,520,305.90412920713425,48.333363586270536,-0.04192595459965099,-2.6705238931736637,0.19750867650752513,0.006374455741718612,-18.576226728653253,36.12623216395528,0.006871227524579265,3.081030981807491,-2.644913417436622,15.077905025901424,-0.048937855915541464,14.5625
203,0,194,4,0.006666666666666667,4,556,249.85347483493388,50.860993038912646,-0.041764650222542,-3.2319176364715885,0.43531819337152244,0.006535294300373802,-21.04157908422316,22.81394584507023,0.006810578252036645,1.6907102318528502,-3.544263315304796,8.276613929699993,-0.04895347395295318,14.5625
204,2,193,4,0.006666666666666667,4,565,252.99001680733636,46.35390896701661,-0.04827878347710973,-3.6273927062644002,0.4066160534630041,0.007350526036691998,-14.992447521356876,32.19140377412016,0.0070501578286256,2.8934960208650837,-3.5406088355195666,16.30900575055008,-0.05636436211747093,14.5625
205,0,151,4,0.006666666666666667,4,554,253.6512192916125,46.85691187912785,-0.04464192514002327,-3.572261019595605,0.5093989392624028,0.00659284387007229,-12.614383016609718,39.0132447071107,0.0073251635409957265,1.9726397044023622,-3.787203710202857,10.236827015350126,-0.05189405339710279,14.5625
206,1,148,4,0.006666666666666667,4,594,264.4379512667656,55.29026926955028,-0.041301405889478754,-3.3404668352144244,0.23656579936517425,0.007379673616426187,-25.318907582049217,23.809352428383477,0.006505376647117011,2.9422600024275853,-3.341566549665678,14.540368495647941,-0.049419046867547556,14.5625
207,1,119,4,0.006666666666666667,4,574,267.197685778141,45.77467475462385,-0.043755381582015695,-2.6770278276989607,0.1014468398956242,0.007334106540908902,-26.94215946917952,35.79468117163616,0.007060078683198971,3.2154851999227825,-2.572625341211084,16.663576403458976,-0.051822898777015486,14.5625
208,2,123,4,0.006666666666666667,4,583,267.4223567759618,45.141821983650686,-0.04735789257030811,-3.609656315778791,0.3114434791740853,0.00693247638106106,-26.88881346581363,35.33075363931707,0.0060429908835296885,2.6521991502294755,-3.6086500873400924,14.582750119514962,-0.05498361658947528,14.5625
209,0,111,4,0.006666666666666667,5,526,267.76795419305563,53.87881170143064,-0.04605898365703087,-2.748571488744504,0.23371240364396195,0.007359121543389349,-18.788294153121818,24.570456787804652,0.007284793628544407,4.069928940633972,-2.3769995944028564,22.040300248372866,-0.05415401735475916,14.5625
210,0,65,4,0.006666666666666667,4,499,267.99871413968503,56.71437784575859,-0.048605835097226366,-3.708679399168578,1.043398706338523,0.0061092038512772385,-18.689412766642675,22.89089213623635,0.007399544571652181,1.2805126898107106,-4.080258272538329,7.084559300266624,-0.055325959333631325,14.5625
211,0,33,4,0.006666666666666667,4,551,268.1246196758002,46.6703651934227,-0.04481395105867892,-3.2502504377117702,0.3717086958791084,0.006403016472599456,-13.61734183401899,20.750106952654605,0.006926566909442093,2.270017285621767,-3.388925799429689,11.771689742042287,-0.05185726917853832,14.5625
212,1,147,4,0.006666666666666667,4,4,270.9469916075468,46.288827195582684,-0.047433129864688416,-2.4830134860778816,0.3180309467046333,0.00737155685759608,-20.054117550328648,39.81654309494789,0.006392838869505908,1.353294525162521,-2.8331318534453493,7.516447124824562,-0.055541842408044106,14.5625
213,2,148,4,0.006666666666666667,5,548,274.90410797158256,47.63087195611654,-0.04718806227145932,-3.5155746626458297,0.3541010069167566,0.007133990522797362,-21.089872369074055,37.2024493147413,0.007106483945408461,4.101965041595446,-3.11741614851653,22.575349952290196,-0.05503545184653642,14.5625
214,2,86,4,0.006666666666666667,4,39,275.26594446366653,55.63134447290272,-0.04072529183671812,-3.540409919789353,1.36210985592194,0.005621717619007814,-25.377534604201962,27.82391399219432,0.007457780322533195,2.78024803375027,-3.6159677444878433,13.041915884514179,-0.046909181217626716,14.5625
215,2,91,4,0.006666666666666667,4,10,279.6138043398969,51.587371662277135,-0.04957812923594809,-2.237737519914028,0.25572218037772737,0.006907730473003025,-26.471349809885815,39.17976516803521,0.007270689044104139,2.2241199426433487,-2.329451897446317,12.716768916637372,-0.05717663275625142,14.5625
216,2,62,4,0.006666666666666667,8,13,284.8841304513626,48.33319299192911,-0.04950665844155491,-3.2094346325613565,0.6386061433471513,0.007339600565751275,-27.522817505087666,37.83624645167954,0.0074686977416585825,1.5921337999988234,-3.4775101304491174,9.167541298294205,-0.05758021906388132,14.5625
217,2,41,4,0.006666666666666667,4,8,285.95906561100855,47.87266415568272,-0.04956798863717397,-3.5543031769691655,0.8508856574766724,0.0072706268382948976,-19.874682522450406,32.2862847024774,0.006609097565822508,1.9421503821597226,-3.7223736201062683,11.180120383636488,-0.057565678159298354,14.5625
218,1,197,4,0.006666666666666667,4,549,289.03658056259155,48.84783534522223,-0.04038103246189786,-2.6660219555726234,0.13508886375068963,0.007411760207170013,-23.83460866954232,21.324818447249065,0.006929177700027966,4.372783008280707,-2.335069096438972,21.222851361111914,-0.04853396868978487,14.5625
219,0,177,4,0.006666666666666667,4,51,293.203123183921,45.60857295710602,-0.042940896543195495,-3.470527081644342,0.7324350786866238,0.006878082001741373,-18.555307364703843,21.168696893637954,0.007241300927948211,2.747567965094068,-3.5045854559485203,13.877082928070468,-0.050506786745111006,14.5625
220,1,128,4,0.006666666666666667,4,558,293.7401092275977,58.561011810763226,-0.04465001660021976,-2.359796755756993,0.13767886148946512,0.007292900273732627,-31.161746220622046,22.067182060700475,0.007387529153200767,2.8510097086543698,-2.3372177526681477,15.016897325193112,-0.052672206901325645,14.5625
221,2,118,4,0.006666666666666667,4,86,297.8687341581099,48.67035283093502,-0.0489453779251556,-3.229387473923048,0.4241028367422194,0.0073509533833818,-11.79823880101598,38.03539818398607,0.007455629961159407,5.2784238758931465,-2.4571499958442273,30.103604408911668,-0.057031426646875584,14.5625
222,2,191,4,0.006666666666666667,4,541,298.91086887801066,47.5219382417924,-0.04748668640074776,-3.0756465599980123,0.2906284609747164,0.007023171170855595,-14.15543977968269,28.525590657520677,0.007087248261859012,2.6778624055883005,-3.0645875191647605,14.785060692961396,-0.055212174688688914,14.5625
223,1,43,4,0.006666666666666667,4,465,299.12545846402645,59.18824226003432,-0.04564144120801153,-3.7318787046887607,0.9203065631836592,0.006231528846547182,-14.14237797092063,37.267597534559755,0.007159457802829116,4.43368075493936,-3.2989493623156747,23.275104998452125,-0.05249612293921343,14.5625
224,1,145,4,0.006666666666666667,4,543,302.33188127726316,56.68172686833367,-0.04059424385945005,-3.310220819884728,0.6366904598775549,0.007214340604670655,-17.652786570024716,33.75831691328714,0.0073002954557243325,1.3183064299001819,-3.715927568063421,6.3977435464139,-0.04853001852458777,14.5625
225,1,18,4,0.006666666666666667,4,74,304.157105229795,59.27636731596843,-0.04937112888684876,-2.435943418539992,0.25195409601378466,0.007456459469346055,-25.55425082977662,37.55497008354981,0.006138145698608925,4.251054811745272,-1.9434063261957844,24.474697471205626,-0.057573234303129425,14.5625
226,0,187,4,0.006666666666666667,4,524,336.1607667077333,46.980062300277034,-0.04353077742050079,-3.007046828862046,0.29748157986899504,0.006619950864654998,-25.410092429327683,31.381162833491597,0.006704889128910793,3.9375375442872054,-2.7364748110319526,20.007700600323876,-0.050812723371621286,14.5625
227,1,154,3,0.005,3,42,253.23641000688076,46.18669750213504,-0.0475783704168312,-2.507724725715694,0.24181482476652683,0.007485797264991611,-26.183425432901515,23.406388008677375,0.006818077989944993,3.06589137953634,-2.3810608354341958,17.111582114741356,-0.055812747408321976,14.5625
228,2,66,3,0.005,3,557,253.58494517114013,48.68785474253084,-0.04806272051171347,-3.0655967079022513,0.18726482970513667,0.00724087591544941,-34.15991473921513,39.58482625657036,0.0074089349668801235,4.591103366117315,-2.511036984981533,25.722888869404674,-0.05602768401870782,14.5625
229,2,160,3,0.005,3,29,253.9741181540303,50.31790532199929,-0.047419504949535236,-3.0438090158967124,0.5028753047785617,0.007154193179213561,-30.006391752325193,36.28484882985168,0.0074060038495376975,3.3217505128997002,-2.8548297259967943,18.365665423624836,-0.05528911744667016,14.5625
230,0,69,3,0.005,3,559,256.5650273207575,54.71715398923187,-0.04102465424609638,-3.6331497632929812,0.6757899917185564,0.0063869967305356795,-16.3979333409333,22.521373626944406,0.006000105617767182,2.5362021224485147,-3.751211209222707,12.186540130212807,-0.04805035064968563,14.5625
231,1,199,3,0.005,3,582,257.65332891047,48.38037587824283,-0.04122230543953005,-2.7409250859879735,0.12065684423225298,0.006505827158130368,-21.972135475529683,34.631562225606295,0.007480363643359233,1.7343288409582833,-3.0476137473435942,8.390460125666717,-0.04837871531347346,14.5625
232,1,48,3,0.005,3,555,265.80280820280313,56.94220420537399,-0.04319612086663847,-3.730359332011743,0.6879426820012091,0.007227008306643004,-19.23859726624172,39.10105113006849,0.007359929067552066,3.5739455358971,-3.545674467635466,18.279241082235398,-0.05114583000394577,14.5625
233,2,146,3,0.005,3,581,269.26286424696445,56.281588547569676,-0.04747551705129951,-3.446457577582036,0.29044069555491003,0.007017716245684238,-26.52002887029498,38.13534968968242,0.006638526072019388,3.9582081410476224,-3.0844742863063743,21.847331782565142,-0.055195004921552174,14.5625
234,2,27,3,0.005,3,7,271.7193588311784,67.40589463491708,-0.04201241268903856,-2.740743059762616,0.8535546047680215,0.006017493688221386,-20.385979112143822,35.12362692760273,0.007319273445886319,2.097230869649291,-2.9575563824982707,10.199180967284066,-0.04863165574608209,14.5625
235,2,198,3,0.005,3,546,271.78815444000065,49.765517627172116,-0.04992636217995964,-2.393460545074375,0.10484351101997887,0.007026581071755703,-17.887651439827444,38.086694397205,0.006362959606904911,1.632715225716126,-2.649313469665753,9.413517818648055,-0.05765560135889091,14.5625
236,1,67,3,0.005,4,581,272.43765103816986,61.33001190851224,-0.04173383667708207,-3.3005909116173258,0.5715326689781144,0.006392693079519669,-24.766230817734076,38.08543138252183,0.00707956068978536,0.9249862767417116,-3.8000614006142266,4.510769490905597,-0.0487657990645537,14.5625
237,2,51,3,0.005,3,588,273.21148009970784,49.716610080666,-0.04965104910143634,-3.249855213815318,0.17178206272725585,0.007498221225566112,-28.922970321037557,37.263412425577144,0.007067048720801644,2.8545306498186456,-3.152215685599382,16.527473399394967,-0.05789909244955906,14.5625
238,2,83,3,0.005,3,590,273.63750251196325,49.498335221431574,-0.047029750814603324,-3.0151023745200147,0.18516281220702835,0.006488050125238963,-21.844080661814893,37.38116390778053,0.007377400606878,1.8430812248544024,-3.2426405643833425,9.983345444489283,-0.054166605952366186,14.5625
239,1,175,3,0.005,3,530,275.9051562771201,45.70941267444971,-0.043390024314375254,-2.7026671167498484,0.16401869731156773,0.006783694619380572,-16.421094495625333,37.806878002649846,0.005216216990847273,3.213566778102411,-2.614260746460035,16.3416581865529,-0.050852088395693884,14.5625
240,0,67,3,0.005,3,4,276.36401350423694,48.62017832934413,-0.044590837152981844,-3.687600339388014,1.0857638742043458,0.007385557445129316,-15.188727647112646,20.122735714556892,0.007396231010032754,1.3525950356100058,-4.056911425092919,7.130198013586133,-0.05271495034262409,14.5625
241,2,106,3,0.005,3,593,276.4474778417498,48.608886732235156,-0.04924101573216834,-3.4182927687753235,0.2305998000677277,0.006840442880422391,-27.616182778999008,36.168576435226264,0.007436926195354742,2.0115438652404873,-3.5745116734626556,11.418629911705933,-0.056765502900632966,14.5625
242,2,172,3,0.005,3,600,277.51616339897737,58.736544269077896,-0.04242095011381598,-1.9246072638155325,0.07645181986028794,0.00618674993069744,-14.993671764308289,29.987788660625526,0.006502423259797999,3.299482073723852,-1.8411452466626859,16.2421541990913,-0.04922637503758317,14.5625
243,1,83,3,0.005,3,593,279.83481108397245,64.77531900892507,-0.045806745673413196,-3.524845369154161,0.3964163254111378,0.007293487452956576,-15.918322291197534,36.087823023045075,0.007409448928079935,2.744042014947121,-3.5144818523031214,14.771063430288583,-0.05382958187166543,14.5625
244,1,70,3,0.005,3,539,282.3157358765602,69.63438152608012,-0.0407639445436968,-3.533596103253212,1.047106989079506,0.006032669130136342,-32.966282770220296,31.238786359089083,0.007265424463915478,3.4377713345330667,-3.447508423017445,16.294995074175226,-0.04739988058684678,14.5625
245,2,30,3,0.005,3,84,283.86122650513425,59.499168929623266,-0.040460092383807725,-3.2322699311594625,1.054986103194684,0.0052732795722653485,-30.199258117318852,37.739986216375314,0.007480697148171625,4.024322800796259,-3.030811816622735,18.616798944188513,-0.046260699913299605,14.5625
246,2,199,3,0.005,3,530,286.0333962640725,48.323019070397415,-0.04948762289950982,-2.0182598157130864,0.08959642128453833,0.006932540838461849,-13.134474040525395,33.228954447972285,0.00721148472415276,1.2109910383667353,-2.3981953339012385,6.916383715271642,-0.057113417821817856,14.5625
247,2,177,3,0.005,4,526,288.2382656298578,51.65714800847693,-0.04424457617058469,-2.017096482715814,0.12670041275411179,0.005901273246172404,-24.810069685131722,31.081476013508457,0.006012218980628412,1.7579657780443854,-2.297511509016491,8.9192110826992,-0.05073597674137434,14.5625
248,2,155,3,0.005,3,144,290.6377417361364,58.18223816594774,-0.0431555791671727,-1.7896261552456199,0.20887612976298633,0.005093075764359028,-25.948517493736812,38.9266695780865,0.006076103329787044,3.6759923089912383,-1.6226235550893815,17.923389518137217,-0.04875796250796763,14.5625
249,0,197,3,0.005,3,86,291.05509977415204,61.39312898365125,-0.040660903476806745,-2.495435563326455,0.39384124197672143,0.006285636492708613,-24.13176888349729,32.8092024835544,0.006657988206872267,4.02841541045986,-2.266726006163476,19.165228057214303,-0.047575103618786224,14.5625
250,2,140,3,0.005,3,540,296.65423826593906,49.77830059481098,-0.047573022158630573,-2.998847995423185,0.3321369346040741,0.007452798396989964,-15.315335022188897,35.53138947065702,0.007246855301781431,1.16913327569931,-3.3984606932786403,6.520384929453501,-0.05577110039531953,14.5625
251,0,163,3,0.005,3,531,298.16661118529737,45.617637198107495,-0.04136628284365492,-3.0911612475847026,0.3154290039942479,0.006368783276185114,-9.704709729502948,23.11628248774645,0.007247590733327794,3.5546386386855304,-2.960378247043872,17.194478276128613,-0.04837194444745855,14.5625
252,2,53,3,0.005,6,531,298.76119991997257,54.58761715152156,-0.04359739069631079,-3.661665615376876,1.0084440607576797,0.005757836483084371,-24.287631791778878,34.71476033889223,0.007197321933515845,1.1802201494774864,-4.092455132200646,5.892958506263433,-0.0499310108277036,14.5625
253,2,63,3,0.005,3,597,301.06329176202416,49.69458764169144,-0.048635731876273874,-2.06093461719217,0.058885759022315215,0.007108311336443144,-34.88405167503315,31.904590531056932,0.00732866178939319,4.132211775017232,-1.625359547928873,23.328349653115254,-0.05645487434636133,14.5625
254,0,55,3,0.005,3,531,307.986573331058,48.60569811569881,-0.046574997365324,-3.246535842748391,0.4656301732140784,0.007366271442046565,-14.657266974253554,37.024087539220325,0.007316020801080384,1.2652027806019535,-3.6263978751772616,6.917862599539727,-0.054677895951575226,14.5625
255,0,90,3,0.005,3,28,328.72719963639975,46.01184584356393,-0.04674913569336697,-3.4977111464484674,1.0019025371353725,0.005938210027227081,-11.85250544615596,26.798433953657252,0.007192186690498212,1.6141000758262285,-3.7939821304000847,8.60011352482155,-0.05328116672331676,14.5625
256,2,194,2,0.0033333333333333335,2,561,228.14986347872764,53.942962400264406,-0.047176235213725555,-3.4654571399899594,0.5487351490986568,0.007325482048580527,-13.004173853821307,39.37319272883453,0.006896958632549324,1.1716671259353353,-3.8674931009899165,6.471617307306154,-0.05523426546716413,14.5625
257,0,192,2,0.0033333333333333335,2,5,244.9039709791541,47.39960908709047,-0.04572287113109969,-3.313228367186359,0.7238773939188059,0.0072515482276391645,-20.26594576985301,29.824075763918323,0.007248220950330923,2.3084850931567855,-3.4208585643137415,12.396466650686614,-0.05369957418150277,14.5625
258,2,143,2,0.0033333333333333335,2,15,250.95233748108149,50.606881582720085,-0.04864036810992796,-3.0601606102866907,0.4736866796316098,0.007428420181855373,-18.840782895523756,33.9428470962859,0.007272854092187235,3.849328482020987,-2.6971173874021694,21.868662666221,-0.05681163030996887,14.5625
259,0,78,2,0.0033333333333333335,2,553,251.08519013226032,50.122457384485365,-0.04534645338892048,-3.701551322240123,0.7691182068168649,0.006047290031281429,-15.773891898920862,19.462736671282496,0.006777427341734567,1.6567838988288537,-3.9970814450548904,8.61502318746694,-0.051998472423330055,14.5625
260,1,81,2,0.0033333333333333335,2,4,257.13206370174885,46.26570401990863,-0.041452560299734306,-2.470060541967763,0.29093812616033804,0.007375378009259367,-29.65447118709892,32.490750803791435,0.007186894153722599,2.380216897829546,-2.607445522136136,11.797658378579735,-0.04956547610991961,14.5625
261,2,112,2,0.0033333333333333335,2,540,258.1643207059242,49.45200095369304,-0.04333603982185414,-3.5320709835681843,0.4360335793101674,0.006903813439813935,-20.47171398148786,34.46610659183428,0.007215938582195276,4.272425379444409,-3.1744489384512278,21.759562691023472,-0.050930234605649466,14.5625
262,0,171,2,0.0033333333333333335,2,577,258.29597427882254,45.14682294520881,-0.042950273663663996,-3.720560130518794,0.4995107837113951,0.0062040694081537985,-18.837318273474942,36.56891670731401,0.006823242249115389,1.4104894541093476,-4.095313365209239,7.020675997374821,-0.04977475001263317,14.5625
263,1,161,2,0.0033333333333333335,2,593,258.41817166656256,54.29114008679094,-0.04303183269155785,-2.8709371100502743,0.12839745557213153,0.007150466642768738,-17.608342432980407,37.85560920024857,0.005890834036931813,3.2976105365024906,-2.7605526411830312,16.783962444500766,-0.05089734599860346,14.5625
264,0,12,2,0.0033333333333333335,2,492,259.8152239937335,62.689791560898904,-0.04546833853297304,-3.694569337938183,1.179203041934,0.006433492503478188,-5.653483846655195,28.669843344101043,0.007088910614643293,0.8723773928303846,-4.190404842065099,4.583922738440028,-0.05254518028679905,14.5625
265,2,52,2,0.0033333333333333335,2,595,263.10777967609465,50.79708675250801,-0.049968885422205025,-3.029698319417313,0.12850168874429507,0.006525203520882398,-33.742897684835214,34.125791404224074,0.0072862479204226045,2.6999401981457978,-2.9866298715547646,15.429242762377706,-0.05714660929517566,14.5625
266,0,72,2,0.0033333333333333335,2,598,263.2655265890062,46.453150704680105,-0.04925496636450014,-3.273778308554063,0.14202537662047543,0.00731118380782832,-24.74254404312703,34.151694673264494,0.007160862759116878,2.2647779145257143,-3.352583724885221,12.976558838173517,-0.05729726855311129,14.5625
267,2,184,2,0.0033333333333333335,5,515,264.63970421999693,47.083813803088034,-0.04895817559050138,-2.819258159538908,0.3218115024133781,0.006472629746217016,-24.178832880172486,30.7143671773388,0.007409557510090002,1.2233879739215698,-3.201969374940237,6.860523437284575,-0.056078068311340094,14.5625
268,2,77,2,0.0033333333333333335,2,587,268.1317947548814,49.28058164044583,-0.04904700448192442,-3.02632777813066,0.20787104668882836,0.005985930328708428,-18.1397814227068,37.50694148928505,0.00694118004589273,1.3606358393322218,-3.3738136719952636,7.569425058067952,-0.0556315278435037,14.5625
269,1,27,2,0.0033333333333333335,2,555,272.21878707408905,58.4602355097524,-0.04103198275229595,-3.6380813959019904,0.7447376013403948,0.006153020130968602,-30.061658464062933,39.987283447542254,0.006284203376170656,3.8174279459839973,-3.4549776230242375,18.247421973792576,-0.04780030489636141,14.5625
270,0,73,2,0.0033333333333333335,2,8,272.80721012316644,50.72242558949345,-0.04527269847070443,-3.429920309731577,0.9326446376992166,0.006731280211244024,-18.650122046806878,23.333901363016807,0.006793479281735671,1.9104079098674511,-3.653476805759915,10.06347613144821,-0.05267710670307285,14.5625
271,2,147,2,0.0033333333333333335,2,571,273.36437293328345,46.12025935731805,-0.04844873720356186,-3.5239003135384066,0.33643408736837166,0.0065265611216144895,-13.807930990896654,34.41064597078248,0.007349790687456069,3.189850917439784,-3.3657873223786186,17.74448814972405,-0.0556279544373378,14.5625
272,2,105,2,0.0033333333333333335,4,35,289.0045167929493,46.45528963612647,-0.048973291381033734,-2.027756247709943,0.21867442341234827,0.006567598563833483,-17.715914765002058,31.30213721980405,0.0074211697807726375,0.6349800250205957,-2.574051163262843,3.568438507689676,-0.05619764980125057,14.5625
273,1,190,2,0.0033333333333333335,2,34,294.93378203362226,46.15771871733145,-0.04038691252646012,-1.9838679255006024,0.15500792937658373,0.0065092343216694975,-21.426503947446953,18.386725609526252,0.006214416351933376,5.00669623575431,-1.5245895274046688,23.805373779350646,-0.04754707028029657,14.5625
274,2,6,2,0.0033333333333333335,6,97,295.72196836490184,54.607408680338565,-0.04321985249147071,-3.5567562533228507,1.0082134488230643,0.006649169490482922,-24.85410888348214,18.98924550938704,0.005225815484182967,2.3042967180538034,-3.7017507310561557,11.644518962903906,-0.05053393893100192,14.5625
275,2,50,2,0.0033333333333333335,12,22,301.68733522482216,45.11055730174957,-0.04983461895155149,-3.1492084906243636,0.6017331805017024,0.006643594555476403,-28.12141606141395,37.50952545632244,0.007033198121806737,1.5244012292181979,-3.4399784277625702,8.710820846484069,-0.05714257296257553,14.5625
276,2,72,2,0.0033333333333333335,2,588,321.4183240807615,46.4124817861632,-0.04908633522390504,-2.6979601780151805,0.0995399849915386,0.006789655716585819,-17.93428071074356,32.931399834821775,0.007234739926855853,3.9532501943314116,-2.3106221915823677,22.357589282205932,-0.056554956512149444,14.5625
277,0,91,2,0.0033333333333333335,2,557,322.8289078269154,50.58919990486335,-0.04930220527289208,-2.6293388574481247,0.14203534766445647,0.0065378488417536015,-22.628431813262303,22.84346132081537,0.007315625271314015,2.1240437120690596,-2.7566924218560653,11.999538349608764,-0.056493838998821044,14.5625
278,0,185,1,0.0016666666666666668,1,574,223.87445753253996,61.07703030221168,-0.043253135363694274,-2.8146010830116466,0.33960127075951246,0.00599510539307894,-13.971837572853705,37.45627181762791,0.006876020117224753,1.4045530832212838,-3.1903130723348654,7.001381277455847,-0.04984775129608111,14.5625
279,2,68,1,0.0016666666666666668,1,18,225.70731750223786,58.82404154212998,-0.04106058434404753,-2.398864797277856,0.4469417382619582,0.005551378117230383,-19.076925436105387,33.657153884737816,0.0050237627167882895,4.295469686519594,-2.1157319254914624,20.260484942370567,-0.04716710027300095,14.5625
280,0,173,1,0.0016666666666666668,1,42,226.79475606791675,49.904367715074095,-0.041221811051823425,-3.17460414207267,0.7097501645139869,0.006760122344055774,-6.264332850324409,31.98347023184944,0.006841429288722903,1.5912827772317049,-3.513472297864491,7.7428550856948855,-0.04865794563028478,14.5625
281,0,25,1,0.0016666666666666668,1,554,227.18154801242054,65.03603985763309,-0.04684319188197812,-3.617544131679635,0.8877935664029711,0.006461098705909765,-5.061226861021093,25.74621285489868,0.007219529219900412,2.428098693810677,-3.690231176064055,13.099689688379547,-0.05395040045847886,14.5625
282,0,107,1,0.0016666666666666668,1,33,227.9376596417278,61.85349768976212,-0.04319772406422321,-3.380793995075102,0.949620134283506,0.006596420762051794,-20.440117630388787,30.66047254624094,0.0071385970526671476,4.206473098355563,-3.0498213409146455,21.223249731544712,-0.05045378690248018,14.5625
283,2,190,1,0.0016666666666666668,1,538,228.6041156197898,48.358551763687046,-0.04523076351997979,-3.4565407284028167,0.5611700168755634,0.00719341353141715,-11.566395956043655,28.380427620123825,0.007212212046538222,1.2898861368657841,-3.839530936848669,6.854908765428606,-0.05314351840453865,14.5625
284,0,29,1,0.0016666666666666668,1,546,228.82625341042876,49.54125717354803,-0.041483863135628435,-3.3622971562436472,0.6604155975997592,0.00562821838630438,-12.308758499289686,34.36556130008885,0.0066785251235126275,1.0596647864842228,-3.8348768016975083,5.051941629022721,-0.04767490336056325,14.5625
285,0,22,1,0.0016666666666666668,1,18,230.34758370183408,54.83206219032804,-0.04022970967181494,-3.4691593015979434,0.903353156398348,0.006944228443013225,-34.262602106940285,22.57322193506593,0.007327221809808481,3.8067039947171413,-3.287315363286936,18.222068088368026,-0.04786836095912949,14.5625
286,1,40,1,0.0016666666666666668,2,554,230.96206539869308,64.32200339458217,-0.04641423900798407,-3.4747620948337596,0.7574246171895296,0.006474153291606852,-32.818469938417174,34.895743449469116,0.007460248555527888,2.5406355597269172,-3.5225143012062197,13.60149765803059,-0.053535807628751604,14.5625
287,0,58,1,0.0016666666666666668,1,549,231.53460056520998,45.73161483523735,-0.048584275964578524,-3.6757305391345025,0.6122943925026527,0.006504410060267875,-17.57861747968635,23.784513886741564,0.00725981548525872,1.6148339805617964,-3.952084274780645,9.000943637630456,-0.055739127030873185,14.5625
288,0,85,1,0.0016666666666666668,1,2,232.96821998618543,61.3094298999446,-0.045455063989138296,-2.693970046182783,0.7518878263225617,0.006778275393505985,-7.623949550529975,37.335627884350636,0.007389529519072381,0.7210690801503622,-3.2280003696724835,3.815260646212512,-0.05291116692199488,14.5625
289,0,46,1,0.0016666666666666668,1,50,235.6855641156435,58.00546706890005,-0.04877088226624865,-3.2443981527768395,0.9601324803659858,0.005323068754942691,-16.674136665367975,36.10668563960728,0.005817783342616535,3.997273524893088,-2.8829973444329093,21.835609445440337,-0.05462625789668561,14.5625
290,1,156,1,0.0016666666666666668,1,599,236.1708403006196,56.98138234279182,-0.04218748170987262,-3.3394073372576836,0.16257846432111972,0.007373217556024238,-24.43642077972214,39.35121191170855,0.006892368856929756,2.761856783800604,-3.372744703255487,13.891593056997316,-0.05029802102149928,14.5625
291,1,196,1,0.0016666666666666668,1,580,240.10685459524393,45.77410948671661,-0.040360772415210716,-2.7013311739749732,0.09738667730306813,0.007250057580126871,-26.947176945442834,36.276623978807095,0.005921146719942158,3.0950376337903034,-2.6815732835405806,14.960123071732598,-0.04833583575335028,14.5625
292,2,103,1,0.0016666666666666668,1,581,241.9623094848357,48.670826384230764,-0.04790540191984307,-2.4896081926680806,0.09862889961745824,0.0058319324109541385,-24.7909665605001,39.11625729946233,0.007365035193727334,1.5748476123078645,-2.7881379950861103,8.554655314589862,-0.054320527571892624,14.5625
293,1,146,1,0.0016666666666666668,1,597,243.17830802500248,56.69642906255787,-0.04061216647186882,-2.943011303948395,0.1462662178583922,0.0072203764596224015,-25.338972323984827,33.19802098470533,0.007075090214386189,1.521620484786022,-3.2995040377417038,7.38816444368467,-0.04855458057745346,14.5625
294,1,130,1,0.0016666666666666668,3,579,244.83647391945124,63.981631894011805,-0.04136150160363078,-3.729816554671253,0.7427900616353367,0.006792282615956727,-28.681393863460922,36.85714757142639,0.007389518843162717,1.579125317065335,-4.070250464919079,7.711344631760386,-0.04883301248118318,14.5625
295,1,36,1,0.0016666666666666668,1,570,245.70524129271507,69.51170600300308,-0.04125218063325518,-3.650238377347441,1.079721915970286,0.005855262648759238,-19.88968703199318,24.07571438204993,0.007413839146672048,0.6765878973509445,-4.213506895492184,3.2268485984153163,-0.04769296954689034,14.5625
296,0,120,1,0.0016666666666666668,1,557,251.31278448924422,45.636850531494346,-0.04912651511436806,-3.36540303320374,0.3857818501391836,0.006753489033072148,-7.097891917286991,21.720194826597996,0.0070769098307608995,1.915146033210037,-3.5508125225056895,10.831176005193209,-0.05655535305074742,14.5625
297,2,92,1,0.0016666666666666668,1,3,252.18223690101877,47.155029024768176,-0.048745041378240525,-2.1353836073017174,0.24174145365543417,0.006844478315973087,-23.003793709787125,31.693126581873244,0.007404020718082567,2.0420096271603523,-2.287996586557475,11.491198344621495,-0.056273967525810924,14.5625
298,2,36,1,0.0016666666666666668,3,589,257.3506629620679,47.14925393103712,-0.0499821902094858,-2.9564494611499144,0.1378726973597924,0.006933972398105562,-25.89464416016068,30.863644352198282,0.006483795858162076,1.6781883799333366,-3.1996586871161727,9.667969390898403,-0.05760955984740192,14.5625
299,1,90,1,0.0016666666666666668,1,7,258.20627277344465,47.293677421234925,-0.04182446561453398,-2.875200392485727,0.5152816863976195,0.0072915611319285326,-14.307939843491251,38.28946765532577,0.005849707714259656,0.6480288432223142,-3.438306771143842,3.230111618874719,-0.04984518285965536,14.5625
300,0,127,1,0.0016666666666666668,2,536,262.09568674489856,57.918699968360144,-0.048826287431540945,-2.776072175876681,0.3023026576201674,0.0071974450176948025,-8.717950036133118,23.31696899763068,0.007396928352337177,3.0838137972836797,-2.6301757910708368,17.49863171273584,-0.05674347695100523,14.5625
301,0,189,1,0.0016666666666666668,1,1,264.7313006389886,45.5479336509653,-0.04573861224193433,-3.4829484360459255,0.9798240778153948,0.006679416827284866,-27.833214451226166,31.797700041220708,0.006689864815876694,2.142583822191376,-3.641379325859359,11.374114211844766,-0.05308597075194769,14.5625
302,1,120,1,0.0016666666666666668,1,1,266.6573725119233,46.0342022946311,-0.045149037659236085,-2.960076921111699,0.559673117777909,0.007334645246308043,-24.57158992571409,39.684950726960004,0.007060329909755294,1.6041264302923979,-3.259498760439008,8.536703273751076,-0.05321714743017493,14.5625
303,1,135,1,0.0016666666666666668,1,572,267.04087126255035,47.673070973101936,-0.04347296616925119,-2.653699613705395,0.11690356952414638,0.00729356906116668,-22.369242735731497,15.528877801302123,0.007339299202743821,2.3679648628847407,-2.771388077252342,12.194046316221641,-0.05149589213653454,14.5625
304,0,66,1,0.0016666666666666668,1,8,267.3593050185591,52.006758047918346,-0.049008173554567956,-2.7238823307494715,0.522876536106762,0.006842394060081612,-13.111931162068855,21.451037666623716,0.006791819769915655,0.6875060575822295,-3.254357752985768,3.886802229094455,-0.05653480702065773,14.5625
305,1,41,1,0.0016666666666666668,1,542,267.8375222682953,68.69709994167275,-0.045717426590853885,-3.2645164579026047,0.9584379175917414,0.005289946316553064,-16.17508351240813,26.322153888686504,0.007246428854448261,2.6617907683421973,-3.3064844960036033,13.717902734936638,-0.05153636753906225,14.5625
306,2,127,1,0.0016666666666666668,1,11,268.51076675439253,46.60686581552996,-0.04813974344679441,-3.714742554990542,0.9287171522838227,0.007168037703796723,-26.68256301416217,37.78988915921706,0.007058235555041603,2.643526701100952,-3.702431926277979,14.81024861566841,-0.05602458492097081,14.5625
307,0,31,1,0.0016666666666666668,1,576,268.72878434695303,56.884770151575275,-0.048889088092802443,-3.4921100522126305,0.4944140025954684,0.005821570440692375,-13.208458066232497,37.72746696067384,0.005300650510497986,2.60786750853114,-3.4992090776661597,14.419633719993378,-0.055292815577564054,14.5625
308,0,76,1,0.0016666666666666668,1,584,269.2263154312968,62.88951838586566,-0.047506819457783366,-3.4622749394181045,0.48848369103652456,0.006717356692334585,-17.990469989231777,24.700973721531675,0.007268592227678429,1.675915731387732,-3.7287329819718953,9.200092220692477,-0.05489591181935141,14.5625
309,2,32,1,0.0016666666666666668,1,576,269.6193364742212,65.81138868807939,-0.04313004144192197,-3.6704535921613273,0.7849795918563752,0.0060554349764243495,-30.476949433029603,27.32089622092534,0.006788983407332694,3.3280730930745714,-3.5706604016290493,16.57081536591423,-0.049791019915988756,14.5625
310,1,155,1,0.0016666666666666668,1,1,270.22834146022797,51.39959769753869,-0.040835808742313996,-2.653234414277776,0.5060111778234312,0.007205458770629283,-21.48639172978279,31.59679942317122,0.006665517350271512,1.9142412671949423,-2.9130292601448184,9.33418754544088,-0.04876181339000621,14.5625
311,1,178,1,0.0016666666666666668,1,530,270.9068599715829,54.18299838640857,-0.04163492728307984,-3.0697027632577107,0.27945998969351105,0.007079469373943288,-11.229053466746379,26.631369289399945,0.0053906875187542036,5.110663420648392,-2.538238580274874,25.258096357070567,-0.04942234359441746,14.5625
312,2,110,1,0.0016666666666666668,1,589,271.447384793777,47.47029139672469,-0.04669557941679692,-3.306735292073991,0.17158706268578355,0.007410112775209013,-16.195617788760977,37.79469827581024,0.006564670347075634,3.359701144165413,-3.114715579577047,18.426853240027043,-0.05484670346952683,14.5625
313,0,186,1,0.0016666666666666668,1,8,276.3667300455272,52.94533906303975,-0.042670717733401566,-3.1017006706153,0.7701886310921748,0.006270364103607814,-19.33785004002912,39.30086871655024,0.006584207818191545,3.060710761568145,-3.0714460547247215,15.171367295040817,-0.04956811824737016,14.5625
314,0,82,1,0.0016666666666666668,1,1,278.2322685085237,51.97608899317731,-0.041953872042565815,-3.216115429566333,1.1113313213465328,0.006232597449803878,-18.053563624441544,26.30276396682413,0.007466326503584953,1.0235718931591373,-3.6914734880417983,4.9960266960059325,-0.04880972923735008,14.5625
315,2,99,1,0.0016666666666666668,1,4,278.5893541718833,45.07262759650902,-0.048899014703350785,-2.152523344994339,0.2129611026505338,0.007119106426258238,-6.199944313011617,28.861262081340424,0.007239443325938696,1.5217802842386696,-2.447157000578369,8.63306438752203,-0.056730031772234846,14.5625
316,1,133,1,0.0016666666666666668,2,511,279.07427240908146,46.913742051801336,-0.04978211399234127,-2.825368576837073,0.3059663492244002,0.006605975575472598,-28.524528232192427,37.52491633244398,0.0061625316167528655,1.1130450434479267,-3.2334588401482423,6.349775844009474,-0.057048687125361125,14.5625
317,2,46,1,0.0016666666666666668,1,592,279.43860943662,46.21639255369852,-0.048940503600397325,-2.3363939296993146,0.07380332639623727,0.007106228356270707,-27.41645660710069,25.15727373107717,0.007008822910731835,3.8148941462584087,-1.9841002742453049,21.65233005542382,-0.0567573547922951,14.5625
318,0,169,1,0.0016666666666666668,2,557,280.1892041210085,53.50222435910147,-0.043639771680760234,-3.3943627817247677,0.5045225758797869,0.0071346139047485935,-11.606333217572093,19.303951820443835,0.007428417770532708,1.8500942760917378,-3.6446395303323293,9.52573709785547,-0.05148784697598369,14.5625
319,0,93,1,0.0016666666666666668,1,561,282.59953810088336,54.57481672666027,-0.04500842718748621,-3.647333214454095,0.6192840956741664,0.006668782205082721,-21.018093047748383,11.89740343015798,0.007469189978329219,2.9222842799097926,-3.6108642110002287,15.29643043779164,-0.052344087613077205,14.5625
320,0,175,1,0.0016666666666666668,3,49,282.7655513808131,46.45226802839832,-0.044021855936716266,-3.700683713141531,1.0363150535528687,0.006783351704925761,-23.876175669228633,35.13148914105814,0.007244613309447446,0.7101616830509896,-4.242619551898865,3.6561639412893183,-0.0514835428121346,14.5625
321,0,196,1,0.0016666666666666668,6,38,283.4370209053159,48.681495646248074,-0.049671019766956634,-3.3645257323448394,0.7778664564046815,0.0069062509545788735,-22.548501153073364,16.133124721600883,0.006856678360329005,1.2170070496454886,-3.7418197511273745,6.969543292764435,-0.057267895816993396,14.5625
322,2,5,1,0.0016666666666666668,1,171,285.96543839294463,66.05460861257511,-0.0488117635297398,-3.5658514389269733,1.0830317179802762,0.0053694424559206306,-15.013502119039984,7.39258437890525,0.005247563525093619,5.206390891204323,-2.8738730756366335,28.48840789475427,-0.054718150231252496,14.5625
323,1,92,1,0.0016666666666666668,4,11,288.13813062012196,45.25025840334,-0.04047223055536764,-3.2192854225809513,0.6627925004075986,0.0070508136686804205,-25.777187531049382,36.54113018194028,0.006791111781793086,1.3631946646423012,-3.616212504153001,6.574432349123566,-0.048228125590916104,14.5625
324,2,70,1,0.0016666666666666668,5,26,289.4867323189974,48.23783607186186,-0.0472010805786904,-2.4429723571984634,0.34738195981028547,0.006465260469829354,-25.120110547148577,33.57796915621064,0.006879065897176411,0.8943362362372771,-2.9252189494304877,4.857396513744733,-0.05431286709550269,14.5625
325,1,99,1,0.0016666666666666668,20,184,290.20845287293196,65.16339642338046,-0.04335290604786473,-3.67211968943151,1.339523105996139,0.006765753646748123,-34.67197997388285,36.12533904934229,0.007310164801419867,1.7970206469433,-3.9421595662633235,9.128008616787811,-0.050795235059287666,14.5625
326,2,56,1,0.0016666666666666668,1,24,297.25558328907937,64.63512176266538,-0.04652915880720421,-1.8854743627451365,0.17683175879876245,0.007092708512951516,-9.886839574539291,20.76217948754689,0.0065606889118213505,4.850353515821784,-1.2996281345411607,26.352522704849584,-0.054331138171450875,14.5625
327,0,101,1,0.0016666666666666668,11,395,297.7916861400008,48.45248179262127,-0.04595322001553132,-3.225349070956149,0.7782196787850888,0.0050819029152608325,-22.956877617299327,10.742869744050454,0.007440165760837067,1.4413961667524917,-3.5797911498113977,7.429433410037253,-0.05154331322231824,14.5625
328,0,190,1,0.0016666666666666668,14,511,299.15464503504336,45.43906153920051,-0.04404776911657118,-3.5949511597016577,0.789660649798388,0.005662665513491454,-25.50491357544697,27.472074496361643,0.006619347657789068,1.3079186656855046,-3.991811097994005,6.575783592426093,-0.050276701181411775,14.5625
329,1,53,1,0.0016666666666666668,4,512,299.18894857913256,48.84624932915359,-0.04441381325435093,-2.4223130281598975,0.1423072281573105,0.007180507199449343,-30.33666370774477,17.764441022529265,0.007276791504122077,1.724623842816516,-2.6976246341979713,9.02191626005084,-0.05231237117374521,14.5625
330,0,50,1,0.0016666666666666668,7,305,305.8126298394054,50.00346146556785,-0.04549371605989967,-3.556410177136881,0.9309507613094314,0.006297094521115051,-24.459487430076003,27.867587599830813,0.006622438357657707,0.6272436682040039,-4.1166378993807,3.288043927473957,-0.05242052003312623,14.5625
331,0,99,1,0.0016666666666666668,4,82,306.3991618193686,48.384818970477006,-0.04005911987302616,-3.558144996958688,1.0186991636432319,0.006174831909765196,-20.674564179919642,11.561900593412911,0.006115078157116271,1.5359077261735192,-3.924188961075771,7.195948095852631,-0.046851434973767876,14.5625
332,2,139,0,0.0,0,0,84.59692997904494,69.10680199342492,-0.04693401276407911,-1.892910034282036,1.4278127012442066,0.005089337896659848,-28.848427405862395,4.802258546474574,0.005551000594460368,1.3461367582127772,-2.2651346486359767,7.07156390915796,-0.05253228445040494,14.5625
333,0,159,0,0.0,0,0,85.94927268475294,52.69766555822028,-0.04028027533256442,-1.9218524986657028,0.8239222463509085,0.006215756152418158,-19.157119596230597,5.510279074523179,0.007217274583833276,5.661070743400347,-1.3200514077138163,26.673610705411278,-0.04711760710022439,14.5625
334,2,22,0,0.0,0,0,86.03231737902388,51.60126693124611,-0.044873584697018895,-2.084391423852405,1.0596614667077586,0.005846163791926441,-17.145386014116124,21.95808687123111,0.005578651559753121,5.127983699571543,-1.5007180413985735,26.308794676068253,-0.05130436486813798,14.5625
335,1,19,0,0.0,0,0,86.56232886016369,59.06617958195704,-0.04920807893869676,-1.8196871296574204,1.2039952812853019,0.005180156595934658,-5.81376954850483,28.50957787938072,0.007396966216446306,4.831198946694294,-1.225205793686093,26.526302293647163,-0.05490625119422489,14.5625
336,0,21,0,0.0,0,0,87.44628062844276,53.979136459264964,-0.04308308069136879,-2.158269760749153,0.8182391789370164,0.005370660974001447,-32.23561431326568,3.6709641196939984,0.0069005941736319755,4.2366590577722265,-1.8505279163036852,20.755734945571906,-0.048990807762770386,14.5625
337,2,4,0,0.0,0,0,89.54770524334162,47.106588923156146,-0.04882062091898402,-2.776605528231524,1.4544488728720095,0.007134135340223396,-14.579514511786051,24.509436192748346,0.006399721610618946,1.725078257338851,-3.0144614831194874,9.77570275934869,-0.05666816979322976,14.5625
338,0,14,0,0.0,0,0,89.55459946021438,51.631830876952456,-0.046154669959767046,-2.1267294424651513,0.6095030652128529,0.0061527074607253835,-23.6930581579024,31.50869497212691,0.005718149519226404,3.375078857247963,-1.9627866744202138,17.86181108965461,-0.052922648166564966,14.5625
339,2,159,0,0.0,0,0,89.94816771429032,46.615298527461206,-0.04215029213324929,-2.559615098953876,1.159417106431616,0.007182290795716655,-12.181068120824916,9.386523403265898,0.00661040614967021,5.426053366146757,-1.9337527687536522,27.157837697730407,-0.050050812008537615,14.5625
340,2,96,0,0.0,0,0,91.7263362412341,45.678474922697156,-0.04876420930445587,-1.9376042302501277,0.5273611441929252,0.0062190043680774385,-13.606131745852789,36.006616710502,0.0072812676081182625,2.2071440600845307,-2.051376952083174,12.272849731675464,-0.055605114109341054,14.5625
341,0,115,0,0.0,0,0,92.27824430540204,46.28728064961683,-0.04863941094833513,-2.6827084483476433,0.7220476075437594,0.007392380832054202,-33.54068059071922,25.918937388374587,0.007275003294329871,3.491023872865379,-2.4215178302796,19.818902054096263,-0.05677102986359475,14.5625
342,1,195,0,0.0,0,0,92.60522136837244,50.82049675031738,-0.04109622244062899,-1.9435411513205119,0.45021826394948106,0.007295578601386383,-17.195666612089084,17.151679940114793,0.006214919475208378,5.864797611885878,-1.2356483260906423,28.808682838194198,-0.049121358902154015,14.5625
343,2,163,0,0.0,0,0,92.9205381879583,56.88077459441504,-0.04391858540748836,-1.8163615999171852,1.2642799207497697,0.0057247070838849674,-30.62813479010753,5.253048465795382,0.0074364130859103095,1.0440498930100657,-2.2794586745646144,5.242776219613012,-0.05021576319976182,14.5625
344,0,116,0,0.0,0,0,94.08790036290884,53.644111984434765,-0.046717560742674843,-2.4745705223291785,0.7317347186511933,0.007439138974297133,-9.995796467128123,13.193550761540344,0.007288251881341253,2.109041224439063,-2.622832277908463,11.578765735977363,-0.05490061361440169,14.5625
345,0,174,0,0.0,0,0,94.1763071026653,53.13801518481843,-0.04243494484220669,-2.2424780598987972,0.6827598036363305,0.0065192797874081354,-18.737307499072557,25.512406343199473,0.006977684721945464,3.9331883190924515,-1.996585405467111,19.511033999430193,-0.04960615260835564,14.5625
346,2,2,0,0.0,0,0,94.27193720405921,67.58059936729546,-0.046599830167664474,-1.7556097226654779,0.8125386081677914,0.007422304913528325,-21.486628740017675,12.973933010793196,0.005447055713280294,4.8361854530887385,-1.1631775764896004,26.48506281295789,-0.05476436557254563,14.5625
347,2,81,0,0.0,0,0,94.2842190633528,45.38498832825439,-0.04411409799211071,-2.207105860534693,0.5633897504252154,0.006253767716491625,-31.904441501939566,17.419596659251887,0.005131697196654808,3.449677642409675,-2.05661846074764,17.591024849809887,-0.0509932424802515,14.5625
348,0,79,0,0.0,0,0,94.81206921301782,50.70173720064204,-0.04893553537587754,-2.1338442232029893,0.5079956369149188,0.00711862395519794,-29.357488519578894,24.652254418854646,0.007203531380641612,2.5692433717471133,-2.1327474403723583,14.584572506150753,-0.05676602172659528,14.5625
349,2,16,0,0.0,0,0,95.3204536610283,55.819411533149605,-0.04480048100829442,-1.8933089753502659,1.1978423030419871,0.006796080566323474,-7.875731892348572,25.472877038880714,0.0058588843068905355,1.6571362659347142,-2.1864614084825105,8.662873654009973,-0.05227616963125024,14.5625
350,1,3,0,0.0,0,0,95.68531832098961,49.84499676616598,-0.04509023369235712,-2.9609201674041703,1.0491264895357613,0.007169841001687374,-22.026775960241366,24.388410090164847,0.005922522055457677,2.9985910187463585,-2.89517268141824,15.885653269992561,-0.05297705879421324,14.5625
351,1,7,0,0.0,0,0,96.05308617651463,53.38596032017402,-0.04005532522153356,-1.7682032480132701,1.4621106927965852,0.005410307632614051,-33.171092307325424,28.84535098188753,0.006818392665719182,1.1360732986580475,-2.232099437737843,5.226694209608104,-0.046006663617409016,14.5625
352,1,107,0,0.0,0,0,96.64141055196524,45.30959266072075,-0.044590774639515066,-2.2261325814870294,0.7185868030301972,0.0074348767331468835,-20.349149273568052,37.34357602280767,0.007121363131727313,0.865087106806658,-2.722908844313823,4.564990182596218,-0.05276913904597664,14.5625
353,1,103,0,0.0,0,0,97.20170931518078,47.93494672354675,-0.040436057489547844,-1.926268483265214,0.5075750684960453,0.0073500203237078544,-19.61861434562264,37.133711126040396,0.006174109359544545,2.398178478418072,-2.0716752895807793,11.63622094353863,-0.04852107984562649,14.5625
354,2,189,0,0.0,0,0,97.32069890433922,68.79435178322544,-0.0465541109869339,-3.010245782118555,1.2953911341567972,0.00532907190390057,-16.824933393032488,36.87388069713646,0.006283108878666049,5.373687219811519,-2.3342497380835683,28.166767338196554,-0.052416090081224526,14.5625
355,0,191,0,0.0,0,0,97.52755216509104,60.35830634166387,-0.04380772539685621,-2.5621172782380275,0.8136176668255237,0.006503380026966426,-17.888398166108797,35.24297582404839,0.006899198018265141,2.757784618328207,-2.587381240419831,14.054068480945798,-0.05096144342651928,14.5625
356,2,100,0,0.0,0,0,98.27039988385513,45.98884068514881,-0.04892033041051162,-1.7524062947039045,0.29712011020136164,0.007112965129722484,-16.82566325012302,36.11361574316449,0.0072111750114059415,1.8693742404825644,-1.9489209095879263,10.607687867095558,-0.05674459205320635,14.5625
357,0,20,0,0.0,0,0,98.55560727603734,67.10560680952113,-0.04620896698794929,-2.138493442851206,0.5299472613101612,0.006565082105094889,-8.768391617889172,11.565666401697692,0.007209472701859607,4.981319431035288,-1.539581496187549,26.61546733072363,-0.053430557303553665,14.5625
358,1,4,0,0.0,0,0,98.68449845165014,47.05044349882312,-0.04469918388950022,-1.898669059196722,0.7112936241532479,0.005002468421731288,-27.894819117094663,2.720709700579423,0.0052973223166888714,1.5342447702771107,-2.239557360064529,7.702200123408998,-0.05020189915340464,14.5625
359,2,165,0,0.0,0,0,98.70035557635128,59.61119878395406,-0.04604478512151566,-2.3004166778524393,0.8186289615889397,0.007379905243663923,-24.091267034368904,39.71243571620977,0.0057358665719455856,2.3055581131852576,-2.4035223925277145,12.487520835675683,-0.05416268088954598,14.5625
360,2,158,0,0.0,0,0,98.97964063892141,51.326553165132296,-0.04272163866463841,-1.9471501880269275,0.6436899849477242,0.0054820603891375524,-16.548365598770168,35.87045306566576,0.006696446473900165,3.283717564939623,-1.8752860897406451,16.00874870771347,-0.04875190509268972,14.5625
361,0,11,0,0.0,0,0,99.40063631907105,65.8202686254445,-0.040469917554008306,-1.8921542754519856,1.2810894833293023,0.007215744146244481,-15.666145192109362,32.12838532901955,0.007441964603202204,5.450867254855994,-1.304637513233988,26.386141823666684,-0.04840723611487724,14.5625
362,1,8,0,0.0,0,0,100.31747175008059,60.97605497565606,-0.044132330231763925,-1.949164279224035,1.0330279673647185,0.005700396376816078,-25.642520606339964,36.00586080695584,0.006977881443617205,5.243443157131272,-1.3595475105848054,26.42840397744475,-0.05040276624626161,14.5625
363,2,35,0,0.0,0,0,100.41501857014373,47.19105888806564,-0.04832052285809467,-2.762792297316908,0.8506447571392417,0.007279280792734928,-23.944471731936943,26.742240263189,0.0073911139193457796,3.038416878872599,-2.6359728291861018,17.11471308373529,-0.056327731730103095,14.5625
364,0,60,0,0.0,0,0,100.9767280947417,45.91497133083312,-0.044541391617950093,-2.294318241852798,1.0131293881235695,0.00619596138848716,-11.657735291309825,38.38218013173504,0.0070240771143428235,0.9132405028818493,-2.784876575161187,4.690124606391852,-0.05135694914528597,14.5625
365,2,169,0,0.0,0,0,101.30661501688883,51.92599591104682,-0.0489545187746918,-2.069451121069614,0.4600750310330488,0.005635576080780195,-18.205043208886245,16.064644372999883,0.006033740068511549,2.79235629758421,-2.0277927702253224,15.400864879136476,-0.055153652463550015,14.5625
366,2,20,0,0.0,0,0,101.3356934580952,53.72423538887407,-0.04076284269879783,-3.0990738602176107,0.990844305508864,0.006095372952792049,-9.168659551762065,35.11237125035423,0.00593395813666449,5.7516038163889815,-2.4660694271736463,27.301570900462153,-0.047467752946869085,14.5625
367,0,10,0,0.0,0,0,101.80133308283985,46.62660392289656,-0.04174926054446828,-2.6253530964432827,1.1379286118005272,0.005457330819465873,-19.948785981460674,13.07862178216429,0.005561673814302966,2.4637393901486964,-2.764364435664861,11.76492827084769,-0.04775232444588074,14.5625
368,1,12,0,0.0,0,0,101.84214396774769,45.82394257447942,-0.04365311128319526,-1.7729760050166619,0.46848554866585795,0.006719729416825005,-11.311452607713019,37.669675796365134,0.007080547412448642,4.835213178416107,-1.2701750411897992,24.68125556101555,-0.05104481364170277,14.5625
369,2,135,0,0.0,0,0,101.95681768702343,45.38719314934058,-0.04713065272507984,-3.0203592129873607,0.792638736901319,0.007165123192544325,-21.788931019429615,39.92726577093901,0.006436131770920768,2.919262518008744,-2.9459717372317695,16.059531107981304,-0.05501228823687859,14.5625
370,1,104,0,0.0,0,0,102.13048497587442,49.56833641511627,-0.04446989419941687,-2.450226042981289,0.6102426198466195,0.007187171861224602,-24.75034911083819,14.85298810234319,0.007366733628978295,2.6570613531106244,-2.4823224562165325,13.916566950387535,-0.05237578324676393,14.5625
371,2,13,0,0.0,0,0,102.17181172594428,66.59808400863562,-0.04552795392802561,-1.8064289991163385,0.8175976987287527,0.0067293049478417705,-18.382673304823236,12.18824618336807,0.00703923916326637,1.9508137658614633,-2.0169558790504043,10.325694205392116,-0.05293018937065156,14.5625
372,1,47,0,0.0,0,0,102.35065664350986,54.34846852823361,-0.043797341456281315,-3.047085295483374,0.8267540248223397,0.007393791082964248,-16.015421939217397,35.914684101881114,0.007234437075595157,4.441668333115515,-2.624555776328834,23.065810910737365,-0.05193051164754199,14.5625
373,1,82,0,0.0,0,0,102.4307013452053,50.38065518837993,-0.0424066575781835,-2.8131629813392136,0.7870417297629126,0.007357417824829048,-28.405149754349832,25.98169095409375,0.007030782613831255,2.4329960227986076,-2.926253176002673,12.286585436436722,-0.050499817185495455,14.5625
374,1,191,0,0.0,0,0,102.96357501298189,50.57065190821849,-0.04034504452527377,-2.5057971923385196,0.46279108209386666,0.007407715592135077,-16.319308042163314,33.21924715450369,0.005483071930274384,4.013281486077449,-2.262350016956067,19.46181928722988,-0.04849353167662236,14.5625
375,1,15,0,0.0,0,0,103.0174248367548,64.52247767948734,-0.04254047886095988,-1.913768124168896,1.3793289970533615,0.006951001701327109,-34.95755923310975,1.3490250128925445,0.006240257734961511,0.6315309717282982,-2.4798893744635953,3.16943800976657,-0.0501865807324197,14.5625
376,1,9,0,0.0,0,0,103.17092165350914,65.31805100476133,-0.04345157117661676,-2.1992798894797865,0.7084459870056374,0.007277060951532285,-31.385780888317232,21.172825385845897,0.006923116973120451,2.568046669703448,-2.2662755350506525,13.214227800948564,-0.05145633822330227,14.5625
377,1,20,0,0.0,0,0,103.7023546397686,53.032171925321805,-0.04124651101028321,-2.875480845956324,1.0578095347785288,0.005238406763445508,-27.287739259598744,6.828277176190698,0.0074585669048743445,4.621965580847048,-2.519462611953559,21.72728635545915,-0.04700875845007327,14.5625
378,2,61,0,0.0,0,0,103.88527520373464,53.85099863327893,-0.04709193089736808,-2.400296791596704,0.5345186726996815,0.006874931260324041,-34.40358028449934,32.95823277234858,0.006992099642826511,4.227685665523652,-1.9757631491056435,23.106143439143906,-0.054654355283724525,14.5625
379,2,141,0,0.0,0,0,104.20951359299943,51.70141622866722,-0.04567286983528346,-3.1121451271064022,0.7790074176481249,0.007478978156551416,-23.898890328912195,35.7294342202899,0.007397983954276073,4.32252602804561,-2.6780629559957085,23.298305415791784,-0.05389974580749002,14.5625
380,2,173,0,0.0,0,0,104.2378944051452,57.366978398767685,-0.044741024013212505,-1.8036768873826832,0.5294065268934254,0.0053496276068723606,-33.48598546482748,39.59461616459878,0.005859457892619873,0.686843051709177,-2.3545061823987297,3.4771851475941506,-0.0506256143807721,14.5625
381,2,67,0,0.0,0,0,104.51729100989178,45.295361485844566,-0.04854551821181332,-2.0940236758984856,0.4675431100281665,0.0058000564542934965,-25.82307581110356,28.422183000324164,0.00735912241824436,3.021168448513814,-1.9930812719687219,16.59394302535246,-0.05492558031153617,14.5625
382,1,1,0,0.0,0,0,104.70956598967314,57.681318579539756,-0.04209840938655072,-2.3904123856188746,1.2095968719759438,0.00566970199241216,-18.331935311025816,19.404924998091325,0.007019663247436539,2.4657096115900208,-2.5218162230290018,11.918027522436558,-0.0483350815782041,14.5625
383,1,39,0,0.0,0,0,104.89754385501146,46.328000216191455,-0.04550889401331848,-2.370414083481863,0.39179356142051336,0.007398144922099244,-22.439030928882467,29.42448262675715,0.006940595161894214,2.4646934540931444,-2.4370083806057705,13.222304847576824,-0.05364685342762765,14.5625
384,2,170,0,0.0,0,0,104.99219671497121,51.9690857675028,-0.04991223620555738,-2.2334777276487703,0.33197648849032607,0.006775369336426482,-29.735652531507128,39.77109772971323,0.007153484791206371,5.471900238843816,-1.3973374550215438,31.38963368136902,-0.05736514247562651,14.5625
385,1,177,0,0.0,0,0,105.00663794577122,48.46147728914912,-0.041755144635811293,-1.9120084053093707,0.3994567423873618,0.006658273788756105,-23.3617421839083,28.66761428451844,0.0050881281032756015,1.809817059134573,-2.194250306932161,8.882445630453006,-0.04907924580344301,14.5625
386,1,72,0,0.0,0,0,105.49224190413952,65.22261917744639,-0.042394472660551616,-2.690414345203753,0.8603403064948788,0.006772225380704555,-25.479591239546668,34.542685516000105,0.00692902574644214,3.964930688494488,-2.432012976905018,19.76276903398541,-0.04984392057932663,14.5625
387,0,92,0,0.0,0,0,106.4157670903951,45.25927097176791,-0.04706968118825074,-2.646467595329921,1.027638337012972,0.006852083264338338,-27.5046630241418,25.445028897877506,0.007310661382108844,2.063351709303641,-2.8102041423217776,11.26733906234943,-0.054606972779022905,14.5625
388,0,16,0,0.0,0,0,106.883693927899,56.318158966026566,-0.049326505053038,-1.9924352918292618,1.189615545185343,0.006242853579596164,-13.379043750452603,38.172203895336914,0.006689686451933994,0.6071545761737843,-2.5465124413965383,3.4118228100769485,-0.056193643990593775,14.5625
389,0,164,0,0.0,0,0,107.45007192716002,50.74926241354807,-0.04091952173509925,-2.635846248047658,0.6781724712041273,0.007131237482516432,-9.648884143277773,16.106841440345576,0.007469966241622743,2.2409859794794693,-2.816448637409202,10.92791780314864,-0.048763882965867325,14.5625
390,2,192,0,0.0,0,0,107.57837588712573,53.40260672411671,-0.047528223583686885,-1.7508367644123848,0.35480386782040124,0.005903709182809853,-22.064260939174655,38.21266316680656,0.006328353402078853,4.506407470967909,-1.2647616666931305,24.344651292397955,-0.05402230368477772,14.5625
391,0,9,0,0.0,0,0,108.22938056103885,56.923823375754026,-0.048156897092562996,-2.1119595026956945,0.4660300794625537,0.005442644673737944,-33.32957234539512,17.689328194075262,0.00654587817087844,5.241147569610344,-1.4254887814722896,28.37756784510777,-0.054143806233674735,14.5625
392,2,57,0,0.0,0,0,108.55060940980911,45.306199425800706,-0.045888829044423644,-2.302529399628835,0.4022309302905736,0.006918235964053069,-12.92744000325491,38.19088304830169,0.007049558796436785,2.981118129446798,-2.233651572710976,15.948650672526853,-0.05349888860488202,14.5625
393,1,102,0,0.0,0,0,108.80090414732695,67.60609643939286,-0.04175078526120707,-2.879894579870597,0.971659846547782,0.007406410472261619,-12.789290160189072,36.602889971694665,0.007216555228883791,4.114896608128822,-2.5832480658803405,20.53244393218468,-0.04989783678069485,14.5625
394,1,33,0,0.0,0,0,108.84711343795061,57.72613591738956,-0.040645600983908355,-3.234324251393009,1.277761829319028,0.006258154589219391,-26.421036292219686,36.655275728986815,0.007222375109721176,4.125310743478622,-2.9836419280861395,19.607425001144485,-0.04752957103204969,14.5625
395,1,168,0,0.0,0,0,109.24166525900364,50.82366508035463,-0.04243598222293302,-2.185075504346833,0.31205266202071075,0.007213310552873995,-17.8092307086343,32.84558628964599,0.006337411970531987,4.834342891217262,-1.6986905680112474,24.35088672440301,-0.05037062383109442,14.5625
396,2,120,0,0.0,0,0,110.8071187469177,47.58062880527708,-0.04788317873827028,-3.0308419970982317,0.7939082052507412,0.006755798492167514,-13.335543183585896,25.385783856579934,0.006880364981066284,3.1584568829624216,-2.8863253723665925,17.470864353625263,-0.05531455707965454,14.5625
397,0,68,0,0.0,0,0,111.08159305341542,48.85321558178174,-0.04679165175604172,-3.5403764344905637,1.444037672920725,0.006823185310373488,-21.979803482627442,25.43781621068909,0.00691388035048928,1.8418195943418199,-3.767059406526479,10.000556509641475,-0.05429715559745256,14.5625
398,0,26,0,0.0,0,0,111.68904226645827,52.0458206405559,-0.0489523608943744,-3.0687608266019395,1.379004994373044,0.00548663327021559,-15.315145175321367,28.576758494868045,0.0050466206159337345,2.867650239772655,-3.008832852095058,15.768536919035649,-0.05498765749161155,14.5625
399,1,14,0,0.0,0,0,112.3127158805728,59.03104499268218,-0.04796952980302145,-2.3344502044936206,1.00431820999601,0.0050550300048212435,-22.36111788768834,4.311913370657033,0.0074844306685256075,0.7818109000349744,-2.850106258562171,4.185038658310514,-0.05353006280832482,14.5625
400,0,13,0,0.0,0,600,113.94651146791875,48.883907997224654,-0.04089589644544157,-3.6342142339064663,0.065678283518921,0.007355516219013446,-26.50370438906304,28.523024903556827,0.00710850691627156,1.886583319265625,-3.898599868166169,9.24179896841008,-0.048986964286356356,14.5625
401,0,121,0,0.0,0,0,114.11204393208027,55.36560087608585,-0.047254197390628055,-2.133836999160066,0.278688699185115,0.007424267780478865,-10.608885496543895,9.159281006752082,0.006659973536713451,4.348462746266399,-1.6599400703354688,24.09956840057551,-0.05542089194915481,14.5625
402,2,3,0,0.0,0,0,114.17371851857752,59.12474854073315,-0.044149188596118535,-2.811820370306634,0.985467652870804,0.006189884331004815,-18.86466115253714,3.5258015500219915,0.006900508118545174,3.038978768879606,-2.765929336885598,15.486046657698443,-0.050958061360223836,14.5625
403,2,74,0,0.0,0,0,114.38216176163405,48.718993147432116,-0.04869304983967977,-2.3069844078498756,0.36773969458587813,0.007155280421795526,-28.963324663909965,36.32796940487648,0.0070407194470072385,3.597973211661012,-2.0193277708808455,20.351524692473944,-0.05656385830365485,14.5625
404,1,138,0,0.0,0,0,114.38278593122959,45.9869021186641,-0.040163783804706706,-2.7539753847695456,0.7721559458859311,0.006625335348934635,-26.939276974085434,39.161140443334304,0.005892395718967631,2.5943302546140554,-2.865875981767265,12.31052582013042,-0.0474516526885348,14.5625
405,1,58,0,0.0,0,0,114.60480421036482,63.42382404272383,-0.04129928543537263,-2.5358159459443854,1.4673010107547555,0.006813663429202864,-33.78271923338367,33.71201927260878,0.007396599971941622,0.7359985459217113,-3.0809771346308734,3.591254504196254,-0.04879431520749578,14.5625
406,2,197,0,0.0,0,2,115.07746791094542,54.73351878405816,-0.045854118981655895,-3.2539885145758305,1.1334723671687508,0.005294431514348658,-23.572567461243064,29.49893091185423,0.0069435415170131624,4.978944194589301,-2.6990662645213512,25.73018464589413,-0.05167799364743942,14.5625
407,0,137,0,0.0,0,0,115.60328402742743,47.8424780956112,-0.04836872164010432,-3.3037897319137755,0.8390635490280652,0.006935531595410175,-18.568863542930035,39.61239503687559,0.006726800712274938,4.413385189757574,-2.7993622464710137,24.713988940285,-0.05599780639505551,14.5625
408,0,8,0,0.0,0,600,115.62062223441899,67.48901031076463,-0.04213959493789652,-2.7065730056159802,0.08630419516381069,0.005080091932978374,-34.64078944416287,9.726335274578696,0.006788310457585793,1.8883667343710524,-2.9823406120374285,9.012739355575599,-0.04772769606417273,14.5625
409,2,73,0,0.0,0,0,118.01291935611516,46.854115377382136,-0.0491662017935548,-2.1544247060070165,0.9211915088543501,0.00655113175855339,-16.82223147704589,33.23003147927356,0.0073227254624814685,0.6452041273555762,-2.697304178311183,3.6371735298014416,-0.05637244672796353,14.5625
410,1,181,0,0.0,0,598,119.25619474053383,68.7536365069967,-0.04769178453887016,-3.6093522181774467,0.17167788158851205,0.0054995356350317085,-7.725048676874174,35.28552831634204,0.0051328274788625255,5.991416092859774,-2.7330127578740453,32.19863323210709,-0.05374127373740504,14.5625
411,1,24,0,0.0,0,0,120.04060442745686,55.65898678175381,-0.04841274122223859,-1.9824718964975525,0.5412464428254649,0.007194394668738933,-29.508626017451633,29.69162778768726,0.006298297902640128,4.640444389620891,-1.407283609026836,26.13803406058999,-0.05632657535785142,14.5625
412,2,145,0,0.0,0,600,120.08080123225227,46.3767866199137,-0.049736611638885785,-3.686760643203739,0.10616792075857812,0.007084288490702756,-20.168003488175877,26.7708653188116,0.00683595456031997,4.4352207176931975,-3.1425047228226584,25.515527176113523,-0.05752932897865882,14.5625
413,0,104,0,0.0,0,0,121.13679975643754,47.62458522729423,-0.04909194694665758,-2.5864139339146415,0.7100244266563778,0.006690387615360705,-5.37933620277537,16.010384894367782,0.007179456202878125,1.475436321016859,-2.8961545286541286,8.32904065728543,-0.05645137332355436,14.5625
414,1,116,0,0.0,0,0,121.15745501965284,52.04891080421384,-0.04058239602317779,-2.8388617514020194,0.5679855644606757,0.007346177367568248,-25.943622832370124,28.483185570891198,0.006457079617118864,4.345112984524215,-2.5117919171922694,21.14470636364963,-0.048663191127502864,14.5625
415,1,134,0,0.0,0,0,121.24745759367943,50.846061960274284,-0.04618865201099323,-1.9694094197735332,0.33327777371645484,0.006876724996011481,-22.172608809303632,38.4377604540084,0.0063477063574471845,0.9027348306135586,-2.4519005618182734,4.852475004130807,-0.05375304950660586,14.5625
416,0,61,0,0.0,0,0,121.30347329936922,45.528655541111554,-0.049473788368910504,-2.7033341609790593,0.5836123241787718,0.007297801776484653,-18.933385333821615,32.17632094035786,0.007004989505248195,2.7738576745175347,-2.634386218288154,15.950061736584937,-0.05750137032304362,14.5625
417,1,108,0,0.0,0,0,121.4216592386365,48.60864566099781,-0.047351700996308733,-1.916828521747855,0.22011548115241164,0.007201418222718906,-18.808060966720205,39.24754547333196,0.007371742601688378,3.1712269972948133,-1.7694526643213149,17.52840576426927,-0.05527326104129953,14.5625
418,1,26,0,0.0,0,600,121.59261991083622,49.902311010750175,-0.04560105933782519,-3.002228502485924,0.07632025108072435,0.007097566842265065,-26.024513451930297,34.266393911496266,0.007358987457380224,1.468784189093575,-3.3360439929429018,7.844538831616469,-0.05340838286431676,14.5625
419,2,126,0,0.0,0,599,121.64169785100967,51.189604935296096,-0.04655654945262771,-3.680363685070464,0.15827010086157278,0.00734307920729706,-16.70178764629177,39.24017818563818,0.007171970335638671,2.420085268019657,-3.746979167143289,13.221878505276212,-0.05463393658065448,14.5625
420,0,63,0,0.0,0,0,121.80859268270433,61.52401606288786,-0.047676171705611545,-2.742102115996365,1.033749215872228,0.0064200377482116,-21.740119358162744,30.499111163547553,0.007224465838331771,0.6460144178002578,-3.29000057816818,3.536167495032902,-0.054738213228644306,14.5625
421,2,161,0,0.0,0,0,122.2111846297048,55.52463530115921,-0.042792243237485615,-2.1610521758146675,0.6310702795388854,0.00633632313068134,-28.93382718935006,30.615957345922748,0.0062856357101002255,4.181303975484343,-1.850758602195633,20.807087917468998,-0.04976219868123509,14.5625
422,0,148,0,0.0,0,600,122.28813267871737,51.501844216297336,-0.04570451024770811,-3.52021468755702,0.14914566689018682,0.00672757720976986,-11.474887691501458,36.48968180085771,0.007099030553233105,3.9530628925089384,-3.2006990786996163,20.992679288738252,-0.05310484517845496,14.5625
423,1,182,0,0.0,0,600,122.59430483728647,53.06668511371705,-0.04303554199155648,-3.089368922175927,0.10470985937302077,0.006886159654094285,-34.27560445754957,18.46768612268444,0.007419899633625303,3.485806840870622,-2.93635954197135,17.641779134726853,-0.05061031761106019,14.5625
424,1,189,0,0.0,0,600,122.62916830182076,46.50418029051497,-0.041650016214194695,-2.974459340003619,0.07686778156266291,0.00711398674893605,-20.701739595406988,30.9639122726573,0.00666185601896238,4.471811465127264,-2.598705208287039,22.124466828669348,-0.04947540163802435,14.5625
425,1,118,0,0.0,0,596,122.67546871304512,45.37013399498007,-0.04626647418148763,-2.613303502227122,0.052922637123863775,0.006913641621091208,-16.694811264725345,38.03013079922887,0.0074806072605879065,1.7253879843199895,-2.8750495314151703,9.294920422860766,-0.05387147996468796,14.5625
426,2,90,0,0.0,0,0,122.78424524609,52.031272048006784,-0.045720800976124513,-3.680598186232286,1.2398665970186613,0.007103541191635371,-24.25565078231883,2.2611972391910236,0.007109569653118047,5.736769077187152,-2.8781484620518234,30.711619021542813,-0.05353469628692342,14.5625
427,1,60,0,0.0,0,600,123.05796360224485,45.859529818613545,-0.04041226683288147,-2.8789642564535867,0.05444600308870992,0.007061665924313831,-17.066985232098528,18.64251414912073,0.007013949166156282,2.7476347263410608,-2.944772131732443,13.238131409159664,-0.04818009934962668,14.5625
428,1,17,0,0.0,0,0,123.29841332137585,52.60668263365338,-0.04052644763402767,-2.1257665779432573,0.44251596579626173,0.005523410976899335,-33.14557187451938,25.41424352367479,0.007421459282775042,2.3058669542960644,-2.3154160540567035,10.745847230560548,-0.04660219970861694,14.5625
429,1,5,0,0.0,0,0,123.96124279499054,67.18981136807976,-0.041119982826601516,-2.7584939763257745,0.9626014313005021,0.0067043435985099376,-6.627001530468942,37.09232831656951,0.006056577492929489,3.014715796765273,-2.7556471298952396,14.619792139877937,-0.04849476078496245,14.5625
430,2,102,0,0.0,0,600,124.47049622191116,46.5087664214533,-0.04979043402980358,-2.837818697699255,0.05919922570556829,0.007170770163223122,-16.870241654274643,36.16596745513812,0.007398905520225547,2.427801023245546,-2.865613345098058,14.003139013910188,-0.05767828120934901,14.5625
431,0,24,0,0.0,0,600,124.55161605961621,51.48436472609072,-0.04940588346767267,-2.6880404941366973,0.057459560328842335,0.007470986239848463,-25.181049208523717,29.512654024715317,0.0074113556011284965,2.0484236452918307,-2.825118810084915,11.80382992658045,-0.05762396833150598,14.5625
432,0,114,0,0.0,0,600,124.92715930752456,52.01927458971464,-0.04721627024261298,-3.0734069132255937,0.09962330577934791,0.00711929816296693,-9.111927674158421,10.574521170437036,0.007149130341166937,2.926714366677103,-2.9964703761683644,16.110830389559855,-0.05504749822187661,14.5625
433,1,35,0,0.0,0,600,126.07471593469381,45.40651881299269,-0.045669126449284614,-3.1926376224321213,0.0691740301223421,0.007468590991814847,-19.01813981015179,22.059004271550013,0.006543155419135157,4.006688752903963,-2.8434474740675864,21.589872677893638,-0.05388457654028095,14.5625
434,0,112,0,0.0,0,1,126.16143298335373,57.93535171540784,-0.044602536248272366,-3.025554054274747,0.9595498466539654,0.0058820069659697135,-19.056187532510975,25.590994776782132,0.006795940057972345,2.693041355525504,-3.065723393170736,13.754101149205294,-0.051072743910839054,14.5625
435,2,18,0,0.0,0,3,126.41158381616697,59.01209871468499,-0.04252081260201801,-3.374355575097284,1.1544716390127927,0.006249811851013272,-29.595547869026063,39.92039472627458,0.00587436515960092,3.705730880930866,-3.188406545576791,18.30468211955108,-0.04939560563813261,14.5625
436,1,10,0,0.0,0,599,126.55233188718557,52.466130602657145,-0.0413847334335704,-3.490953143881272,0.11738461003226522,0.0057152831095236304,-33.46092159238125,20.612633290925608,0.006937631623433802,2.1700229392290504,-3.7005289381947706,10.344834588176727,-0.0476715448540464,14.5625
437,0,156,0,0.0,0,0,126.72537230327725,57.446741583413804,-0.046085959767758686,-2.7715998992404907,0.7419030721506708,0.006563557246137584,-24.166313167255005,23.596606926860545,0.00718953675553986,3.044458374401697,-2.688803883753321,16.228751066354796,-0.05330587273851003,14.5625
438,1,71,0,0.0,0,0,127.04756986349821,69.83074880599044,-0.04004758111754832,-2.8350489035333357,1.0057149550544018,0.0061850414422953935,-17.40393462929354,29.453762016432428,0.0073473045858072775,4.451844058743674,-2.52225576943041,20.85739100629756,-0.04685112670407325,14.5625
439,0,118,0,0.0,0,0,127.21822161413729,48.76992783512559,-0.048627409443304535,-2.982094859844826,0.6476997351137435,0.006654077321463976,-6.075345897599033,29.551967690393916,0.006781241235219933,3.109483895743344,-2.841268592560887,17.396596745500883,-0.05594689449691491,14.5625
440,2,178,0,0.0,0,0,127.28485475480556,46.49141801927926,-0.048911520355475344,-3.3131400885446065,1.1312765323252505,0.007032726745580982,-12.48641400345139,33.53544563526377,0.007113400572945644,0.5183048856953683,-3.8908574635076056,2.936068626222595,-0.05664751977561443,14.5625
441,2,101,0,0.0,0,600,127.39744871389121,54.7945979536673,-0.049325234847115235,-2.9256668471456986,0.11836197088478159,0.007044106303423668,-12.072121203608551,34.54606363714651,0.006895902623204887,1.4319848726955424,-3.2431673174792115,8.172874917820225,-0.05707375178088127,14.5625
442,1,117,0,0.0,0,0,127.46334454417229,55.27334066806885,-0.04354072441843232,-3.1424168521658955,1.0845776092707402,0.006225018585730695,-33.192445805511966,37.200801077371956,0.007479294873835921,3.3503011766489594,-3.0271817865790327,16.881579605290057,-0.05038824486273608,14.5625
443,1,66,0,0.0,0,0,127.50417201966047,49.64062563893163,-0.04748512028910594,-2.7720040494197,0.5668312336181166,0.00681875300222295,-17.975760426499097,31.56124846746422,0.006874020291897807,5.172913421880473,-2.0822496219367403,28.443651690138044,-0.054985748591551184,14.5625
444,1,157,0,0.0,0,0,127.6522888764739,57.32111073823097,-0.04464827852341959,-3.166946960283253,1.2543978152267212,0.006732690123951858,-28.319675666336362,35.307379959537634,0.006752808391380615,2.3217683165632286,-3.2900147808487405,12.08578797412986,-0.05205423765976663,14.5625
445,1,31,0,0.0,0,6,127.78256207704544,68.49541544609296,-0.043053769199308915,-3.0132181279248336,1.111785160413232,0.005948394830574868,-28.409917163281737,30.5978999450341,0.006741664029741264,2.980291824149117,-3.0023432524314932,14.781354407191394,-0.04959700351294127,14.5625
446,0,150,0,0.0,0,0,128.12804702855647,48.94407314101825,-0.047052968677632305,-3.3666645380339424,1.088498812952854,0.006406786880882901,-17.310873602550274,24.52941371223348,0.007446326372294083,1.717269496193779,-3.6286300915106335,9.290502546252945,-0.0541004342466035,14.5625
447,1,91,0,0.0,0,598,128.4038169234991,49.2463689868365,-0.04052197395165636,-3.1883351277206127,0.14490432336856707,0.00749754088629887,-32.32336413674941,35.53310542736796,0.006113550419059699,1.2934419271389626,-3.598500153525562,6.308021718556057,-0.04876926892658512,14.5625
448,1,89,0,0.0,0,0,128.97477659583092,49.667342092364116,-0.04154818254728404,-2.674217064013102,0.6534622139843165,0.006828508273046167,-17.08113221131969,28.74616831335361,0.006857165065947229,2.119067392921918,-2.8812480886526464,10.396047501719778,-0.049059541647634826,14.5625
449,1,192,0,0.0,0,0,130.16703176498413,46.35864424620844,-0.04403340045127329,-3.219629938042773,0.6182654695932931,0.007185369318049428,-18.38920584201585,31.549092187499628,0.006509654276363653,4.979314972145574,-2.65819649716853,25.86122088698416,-0.05193730670112766,14.5625
450,0,18,0,0.0,0,2,130.32672202400863,49.72096177660997,-0.04180483342666643,-2.825052697147366,0.9312510389219254,0.005127838372145828,-30.434572407338862,25.262463137870405,0.007046705445757089,2.0218475174392188,-3.0719996904674343,9.592747669147347,-0.04744545563602684,14.5625
451,2,144,0,0.0,0,0,130.9154932629317,51.2660160586125,-0.048652720407107594,-2.9059869219313192,0.5730210629755905,0.007422745887669901,-19.271855009195928,39.527736813122765,0.007009104414433645,2.293317602730337,-2.9821312552380843,13.03011253156037,-0.056817740883544486,14.5625
452,0,125,0,0.0,0,599,131.34532717615366,46.60156252290037,-0.04860254081878317,-2.605670798782004,0.06152072921982257,0.007275999997502824,-21.27334984136629,25.410714185191534,0.006554970244326738,3.3750647711135398,-2.3799569964401264,19.10493916968963,-0.05660614081603628,14.5625
453,0,62,0,0.0,0,1,131.51676634326577,52.008520839552176,-0.04756707317736157,-3.5123984193490654,1.0614184685580796,0.006896835984362891,-7.621765625430703,27.681928679668477,0.007196444052191494,1.7183385129052255,-3.765084280344201,9.477254256487505,-0.055153592760160755,14.5625
454,1,85,0,0.0,0,600,131.53403328359127,47.441422249230826,-0.043053281948362485,-3.0077461761041895,0.07751299577302145,0.00661411658719277,-20.055447047433262,38.82214452631555,0.00712178506632725,3.891584923864905,-2.758134230172335,19.585883898809712,-0.05032881019427453,14.5625
455,0,5,0,0.0,0,1,131.6763125155121,66.04491230226603,-0.0461425087877026,-3.5516220620787387,1.2177220546504304,0.007336680700958016,-20.436949744004373,8.615563652882793,0.006748975428025402,3.9435986804306578,-3.212891525782767,21.379375353108703,-0.05421285755875642,14.5625
456,2,7,0,0.0,0,600,131.7236903971061,55.418788151070046,-0.04285915292494415,-2.6689510300249237,0.0893472552113529,0.005094977114565946,-29.309901952392458,12.647724351893697,0.006299604936383165,1.5296151887897307,-3.0242062012007365,7.413070111173014,-0.04846362775096669,14.5625
457,2,9,0,0.0,0,0,132.21099248575047,67.74315095917012,-0.0478179911640344,-2.9273221348386653,1.457708670427852,0.007168754426175001,-5.634909247308872,21.901022082482996,0.007305415722524338,0.8077742213140804,-3.4273478887400626,4.499594910416638,-0.0557036210328269,14.5625
458,2,137,0,0.0,0,0,132.2523647863418,45.09905803476876,-0.04904676725505571,-3.414608867897942,0.7467192637111418,0.007430447564818596,-7.422863629142089,38.87043143122916,0.007253146733496789,2.9965002714872497,-3.28623215234634,17.146052335512216,-0.05722025957635617,14.5625
459,1,38,0,0.0,0,0,132.4402970224619,62.84573043369672,-0.04520245368567529,-3.5871564699294187,1.3736021429284584,0.007170812637123938,-33.29972103805316,33.78083123970578,0.007432355529963055,4.016951883603429,-3.251071338759328,21.326137173879864,-0.05309034758651163,14.5625
460,1,22,0,0.0,0,0,132.58493247628212,60.58359743868749,-0.04063131574611725,-2.582075135591218,1.1314182391752763,0.006288989999346861,-6.62632411854656,31.09617737541071,0.007460056564770364,4.949825364679822,-2.136180630046865,23.536025971912917,-0.0475492047453988,14.5625
461,1,87,0,0.0,0,598,132.90938268601894,48.24075941247726,-0.04888151765330162,-2.688749611803178,0.07315898585233449,0.006760643340772387,-14.408092798098643,24.56253265372465,0.007281589922903484,4.247396107737057,-2.223746561678594,23.920581105344816,-0.05631822532815125,14.5625
462,1,139,0,0.0,0,0,133.68434911966324,45.40672678286003,-0.043329824218339634,-2.5728328696791265,0.4640762201812229,0.007480431750263508,-19.8759979016014,30.633327371852737,0.007385062088859993,2.1643025929305195,-2.741963912637136,11.15877605236447,-0.05155829914362949,14.5625
463,0,70,0,0.0,0,0,133.7150508183986,53.21229523957204,-0.047046700291949586,-2.9296521119739154,0.8756560772283568,0.006539287930252578,-13.58529452820566,17.488233379443706,0.007094482531895048,2.527913392255123,-2.9719442020770614,13.71138126175999,-0.05423991701522742,14.5625
464,2,107,0,0.0,0,590,133.79576733196154,55.3608697812687,-0.04129350564993287,-2.77822504305209,0.20641423027537642,0.005365186501867025,-13.257406173064085,28.255848761691574,0.00737064591006236,0.5730178149222258,-3.367455539802974,2.7043696568548192,-0.0471952108019866,14.5625
465,1,127,0,0.0,0,0,133.8630066588521,47.43788977844855,-0.04597511756652862,-2.329961575493448,0.3384058264003269,0.007364945918734315,-23.96307117138746,38.4542284959568,0.007281203216997388,1.6504535949857257,-2.610084728419296,8.92508496828641,-0.054076558077136364,14.5625
466,2,153,0,0.0,0,597,134.75306392507628,68.69774874924154,-0.04280478117358204,-3.5099528415934937,0.49451699578764124,0.005249046901372926,-23.190327956885344,33.251768616952184,0.005346830367986736,2.003849650047071,-3.7498587621143753,9.73444766510603,-0.04857873276509226,14.5625
467,2,82,0,0.0,0,0,134.81261870032176,49.058537823800826,-0.04234571547543827,-3.646638684349307,1.2290859895360207,0.006240552753212103,-32.46794796909752,35.46355700823681,0.007346472743692857,4.206446322404224,-3.3416634058254453,20.700058432760343,-0.04921032350397159,14.5625
468,1,193,0,0.0,0,597,135.0896536037326,45.01269696263333,-0.04139823463749686,-2.5095769908016883,0.06903322144121643,0.007034608848840608,-16.368002954343705,18.15416543642162,0.006377523781982451,4.447125706504205,-2.1473849793333653,21.85153222918742,-0.04913630437122153,14.5625
469,1,183,0,0.0,0,0,135.22989193350077,56.087304065491416,-0.040471614405238186,-2.961695622124492,0.8232604355442862,0.007360464418255602,-25.917552446020494,27.400791817273316,0.006056288058923556,2.582915441989377,-3.0619583116259776,12.544736073626776,-0.04856812526531935,14.5625
470,2,119,0,0.0,0,0,136.32166830357164,48.345740618613824,-0.04917642615446894,-2.8598121488637167,0.44938571605224475,0.006718325158456986,-33.88641065716506,29.36702275350249,0.0073452413445667854,4.909295110120575,-2.2035212705846376,27.77020533868141,-0.056566583828771624,14.5625
471,2,44,0,0.0,0,0,136.39889112394303,47.87715519812444,-0.04772483457407607,-2.920386185903319,0.7388469501363722,0.006540773437600221,-32.0154425594672,34.97167739174152,0.007356154777974914,1.3087936466966255,-3.2868323691378802,7.187853527177276,-0.054919685355436315,14.5625
472,1,32,0,0.0,0,561,136.51115894317627,59.45346424818147,-0.04100282353220013,-3.69760341518737,0.8804074672816128,0.0055533748169234055,-10.372386116650201,32.24007386837897,0.006918506286141844,2.665053537253473,-3.797332411852124,12.55547652113596,-0.04711153583081588,14.5625
473,1,163,0,0.0,0,3,136.64850366860628,51.165114193741246,-0.045318754786639055,-2.5747050117936263,0.33619291131082485,0.00704408650456389,-21.58708142537471,21.350702574534342,0.007025041681356436,3.895133781391058,-2.2712032723031585,20.670403793327992,-0.05306724994165934,14.5625
474,1,13,0,0.0,0,0,137.62181076407433,66.99032642346418,-0.045048330016138956,-2.3943392806726145,1.0112804218598728,0.005056050652515376,-5.853995931114056,13.27101397760229,0.006767414278589382,1.7961555410072758,-2.6662508797368374,9.090340630625422,-0.05060998573390587,14.5625
475,1,169,0,0.0,0,0,138.2221313714981,46.99175226397274,-0.04255340560218605,-2.4642155309027776,0.3472150536688064,0.007041998460227104,-17.13126382732389,25.815086112079584,0.006092671837794968,2.6142826861676354,-2.534415656700395,13.149738361891378,-0.05029960390843586,14.5625
476,2,93,0,0.0,0,0,138.4399260780774,45.33380391000065,-0.048848744615389295,-2.82462372766267,0.517558022811783,0.007439297232876751,-33.20081907965417,30.419183669508037,0.006964094084203029,1.7667569437050805,-3.047549804311908,10.07616317872333,-0.05703197157155372,14.5625
477,1,6,0,0.0,0,0,138.46749529242516,57.33168058291554,-0.04814185612417859,-3.383826804047607,1.4265381968287612,0.006365565333452102,-24.617605906870377,24.898361567546985,0.00686228462369815,1.7750396962476673,-3.62105804458089,9.788274994298993,-0.0551439779909759,14.5625
478,2,136,0,0.0,0,550,138.47475260403007,69.86467609975999,-0.0426076301698291,-3.58733917747269,0.39003435214599186,0.007284716922559343,-6.050624041395345,29.84392476711261,0.005239659958429624,5.531956701522352,-2.91946991142046,28.003217771226208,-0.05062081878464438,14.5625
479,2,58,0,0.0,0,0,138.58186101075262,48.11381169686947,-0.04646543486868205,-2.705319107050478,0.5079043224713513,0.007423660470236655,-28.355508605237816,30.377673602519195,0.00654422863769603,1.9402837848657055,-2.902213055395964,10.600053867066089,-0.05463146138594237,14.5625
480,0,19,0,0.0,0,0,138.8367249071598,45.41150421112423,-0.04259878798458567,-3.1738877313601748,0.6994338126324888,0.007030533742388084,-27.98445737192537,31.374349154620607,0.007417695557854448,3.198267499160148,-3.097606627534141,16.09763994417456,-0.050332375101212565,14.5625
481,0,56,0,0.0,0,0,138.96632919833064,51.497851587774896,-0.04742842157413096,-3.3651252149584234,0.9474491778749026,0.0071636166532919885,-18.496850764131338,24.93910206711788,0.007467191815458934,3.5698501151083155,-3.107643074969865,19.7442697723598,-0.05530839989275215,14.5625
482,2,104,0,0.0,0,599,139.3564470820129,65.13855952154157,-0.04733704719403828,-3.5375589624719495,0.2766641523313048,0.006308867884235027,-7.555453270218049,24.623889204586145,0.006798874750746656,3.2599725257178447,-3.3819503404945834,17.694088286926263,-0.05427680186669681,14.5625
483,0,32,0,0.0,0,1,139.4399168677628,51.42001999899153,-0.04397072874441668,-3.479835857720239,1.309440199919381,0.006147320639541834,-21.660796784210245,15.98850611822784,0.007415609583289683,2.404679259590039,-3.5972480241618916,12.199606732910997,-0.0507327814479127,14.5625
484,1,179,0,0.0,0,0,140.0529292523861,46.42400767623325,-0.040954982732456846,-2.381720854154889,0.2723194171231588,0.007212561185457151,-17.01191113497927,39.13572215641021,0.006277524194147848,4.176951323529999,-2.0906311793430303,20.420613801808386,-0.04888880003645971,14.5625
485,0,47,0,0.0,0,6,140.3404904846102,48.22565836211531,-0.04207951024872232,-3.429864260858346,1.2478221521846544,0.005792287977722542,-26.24442676319981,20.57750563566129,0.00636687850515573,0.8938962554981773,-3.938266543638994,4.331019163198868,-0.048451027024217115,14.5625
486,1,153,0,0.0,0,0,140.35979741811752,61.30383989334725,-0.0418303459170407,-3.20120029401851,1.43791106989955,0.005918949177564839,-26.269941535017313,39.0695920618487,0.007040708237334808,2.5358920139124965,-3.31567095971019,12.258803769537538,-0.04834119001236202,14.5625
487,2,164,0,0.0,0,0,140.38170862663537,45.94325338512565,-0.049002095753425554,-2.992132906361886,0.6368784992181831,0.006424847593963777,-18.625042551182023,31.976464050249906,0.007441997854096891,4.291572227019017,-2.520072935136166,24.062600044792102,-0.05606942810678571,14.5625
488,0,35,0,0.0,0,1,140.41889644414186,54.84829426298606,-0.046437545254084146,-3.28482199915777,0.9293208850477005,0.006104298779409361,-19.67638948650309,23.120713549464554,0.006428996261672314,4.13881514295439,-2.915315053942808,21.998743614710442,-0.05315227391143444,14.5625
489,0,43,0,0.0,0,577,141.61098491586745,52.63057272815776,-0.04232985728533206,-3.371011334979293,0.5330671493328243,0.005259526316932228,-15.121700778280733,11.76432687455094,0.005933787206629581,0.6385713227285951,-3.941949067758022,3.072507390244935,-0.048115336233957515,14.5625
490,0,17,0,0.0,0,598,142.1204902883619,46.41836482950386,-0.04835150923022043,-3.3853801959434273,0.1482691200261443,0.006699371921242833,-5.0191082730616365,19.535866658371994,0.005163172695052136,3.778342264273038,-3.0628557082175125,21.05323229474572,-0.055720818343587546,14.5625
491,1,143,0,0.0,0,1,142.33154943585396,54.17760884649027,-0.0407167943900039,-3.102813865624368,0.7555814247825383,0.007148907331250641,-25.014836198490258,38.56508105514937,0.006878129696100531,2.2420600319135344,-3.285198006025872,10.892060466864475,-0.0485805924543796,14.5625
492,0,129,0,0.0,0,559,142.34728450328112,48.63962841773751,-0.04227183559759509,-3.6846350407077644,0.422500316003671,0.0055409027884838645,-32.155504175910735,26.314112442168557,0.005208038623566234,5.385825915870459,-3.113844424145658,26.049531929203187,-0.04836682866492734,14.5625
493,0,105,0,0.0,0,0,142.42999925278127,56.86490745961541,-0.04334376028960489,-3.121722677397617,0.9320042842716048,0.0068023699338757414,-20.398933990734445,11.888370667315419,0.007020701109992306,1.461060785471704,-3.4763333151271287,7.426041200855072,-0.05082636721686821,14.5625
494,1,55,0,0.0,0,0,142.56165636330843,56.258688374615154,-0.044717713042490434,-2.6466351806466766,0.5586391218947497,0.007213228153607408,-32.79281720021975,5.275685087803518,0.007191404684256567,2.7001051369670312,-2.663819729099697,14.216664853028366,-0.05265226401145858,14.5625
495,1,124,0,0.0,0,0,143.72757483273745,53.53504095897483,-0.04657306766440688,-2.461119133475771,0.35493491427237267,0.007413731624177859,-24.928394515777526,34.26216298220614,0.006965800153831314,2.92420343529402,-2.3895093346393916,16.00363098885851,-0.054728172451002526,14.5625
496,2,64,0,0.0,0,599,144.1794475778006,47.50067034483355,-0.043323971172617166,-2.7363863100710772,0.08897933598925012,0.006947287069800083,-33.47518355173287,36.396221691381484,0.007321167919910134,4.821858393253214,-2.2388613492893663,24.575077194238496,-0.05096598694939726,14.5625
497,0,119,0,0.0,0,0,144.73442697152495,47.56598832087117,-0.04936526993250664,-3.0730058651646126,0.532167981909206,0.007359623438963449,-9.212969550084345,21.578119432989425,0.00728095189633776,3.645538361327178,-2.7557314696066775,20.947575378505434,-0.05746085571536643,14.5625
498,0,45,0,0.0,0,4,145.2890225034207,45.26205986835637,-0.04261082498315623,-3.354729809390269,1.0429087800314172,0.006008782092038115,-5.825784530705693,20.55038523811479,0.007186024258247885,0.8063282129359645,-3.881131428538336,3.9687865939209694,-0.04922048528439815,14.5625
499,1,95,0,0.0,0,588,145.29992354661226,45.03610217744815,-0.04541907587534291,-3.1213021157286773,0.14088989297065124,0.007429210618168729,-26.58525680185608,23.794335449168017,0.007378609181141639,3.1415495222653385,-3.008334720670638,16.83594324930649,-0.053591207555328514,14.5625
500,0,57,0,0.0,0,0,145.57568906992674,47.717393659216654,-0.04919916496812859,-3.2760771618699067,1.1652162389198701,0.005463829948719278,-13.366098298187742,20.372908421344732,0.00656159090460196,1.8893429328084532,-3.481374139846062,10.430944798225891,-0.055209377911719794,14.5625
501,0,1,0,0.0,0,0,146.06063098460436,65.33641770014256,-0.041933902047918935,-2.0651828722307526,0.968187923563244,0.0062489086885466295,-13.627533076577478,3.5842158543695377,0.005919399722247249,1.9495006128901369,-2.3159899462340925,9.51506441933307,-0.048807701605320226,14.5625
502,2,23,0,0.0,0,1,146.36152050131932,66.45327332413457,-0.048574530846274326,-2.9928342031161836,0.7389587986594349,0.006258164243080507,-33.945180716994706,22.668547971002425,0.005708675989937476,4.986705102800439,-2.3422418288348115,27.65552423588996,-0.055458511513662885,14.5625
503,0,147,0,0.0,0,0,146.4162617456168,46.32164187613066,-0.04591931094344854,-3.407913707161698,1.0269853081088796,0.0064677056298137895,-13.780155297539677,14.370692106704217,0.00729295259308818,2.4000986725134745,-3.4990385976266203,12.72863221040607,-0.05303378713624371,14.5625
504,2,65,0,0.0,0,0,146.89827097626403,50.75461444729852,-0.04979748689227431,-2.7298612765061323,0.5231862695626894,0.007473272658108462,-25.867345200071888,28.922945618185043,0.007319031137486231,2.548364217371932,-2.718799207200788,14.785121640276605,-0.05801808681619362,14.5625
505,1,151,0,0.0,0,558,147.44631618261337,69.78141326331233,-0.04115271521547636,-3.018948505407989,0.7680638991972251,0.005527486482508604,-33.081927880659116,38.222063244591695,0.007409385598517438,1.1110549579287496,-3.4817939426225037,5.247840365978776,-0.04723295034623582,14.5625
506,0,133,0,0.0,0,0,147.90187626332045,49.07981511350638,-0.04594257407017382,-2.826636292862272,0.6880672469443729,0.0066009410270706425,-13.90380793872027,33.98190035545101,0.007452352159156345,1.2812680493025566,-3.2115197056067246,6.816808457547745,-0.053203609199951526,14.5625
507,1,2,0,0.0,0,600,148.57087538391352,64.68899662109695,-0.04489789575661514,-2.9902887876573576,0.213849896614352,0.00655507178656901,-11.752000035140963,37.04954287911758,0.006282809752147548,1.2342083062681377,-3.3943295450962485,6.43127123286595,-0.05210847472184105,14.5625
508,1,30,0,0.0,0,6,148.63924844563007,49.00263572628813,-0.04353526288390093,-2.5305970128764117,0.28336563635806644,0.007171416239079432,-25.34766394294566,25.92612885568962,0.0074885594431380416,4.2863737074890516,-2.1589321450447825,22.042171318809203,-0.05142382074688831,14.5625
509,2,121,0,0.0,0,0,149.92019408289343,46.55746045170647,-0.046896275750690226,-3.502023973977053,0.7692078801243548,0.0072379182074246125,-23.38562786887652,37.19372622894763,0.006973150665489559,4.912455928282559,-2.8865515222731566,26.948743745298785,-0.0548579857788573,14.5625
510,0,41,0,0.0,0,12,150.65855663083494,50.269511761573746,-0.046259727873993385,-3.3033700270916495,1.1485801803560283,0.0055572093775325924,-5.597797506627494,39.29713230647036,0.005821940341179191,1.7533986441638099,-3.5706766473736358,9.183014786033686,-0.052372658189279234,14.5625
511,2,43,0,0.0,0,0,150.7396775712259,45.12300608184725,-0.047453828688061486,-3.3178729828219677,0.6798869976753514,0.007277667256029498,-33.860822450824145,36.37811808888888,0.007304937691519765,3.5823305430086996,-3.0542754307772197,19.86734105543868,-0.055459262669693934,14.5625
512,0,188,0,0.0,0,564,151.2172709442675,65.5340187978567,-0.04329448218143216,-3.1454831133870726,0.42417529409303534,0.006522919715228096,-15.09867434624514,36.539585271311736,0.0067441078988106865,3.9417215547768696,-2.880573399356716,19.89374801832072,-0.05046969386818307,14.5625
513,0,153,0,0.0,0,572,151.22997777722776,46.07233493509835,-0.04514929424971142,-3.736472530200493,0.5269307673674359,0.005378795918037653,-12.878494186430292,25.46824870279708,0.007395997028280294,3.387835909452924,-3.600430621597418,17.300312610245022,-0.05106596975955284,14.5625
514,1,98,0,0.0,0,565,151.662711776793,50.691089064789054,-0.04682353429701798,-2.7113148134627316,0.12862107177147636,0.0073927310148390706,-27.305777815446774,4.9176676844791665,0.007408583760888238,2.8606051473292657,-2.653768347143303,15.720609605945434,-0.05495553841334096,14.5625
515,2,176,0,0.0,0,1,151.73405934730545,45.204997774272236,-0.049797047886575664,-2.577484923015536,0.3943959177329291,0.006286878413035957,-24.889522659844637,36.94337395181195,0.0067136306411604,2.2793201225412125,-2.6587717872300316,12.926620261330337,-0.05671261414091522,14.5625
516,2,78,0,0.0,0,4,152.54021358815953,46.6511142327237,-0.048915860495351855,-2.696100962354683,0.3728942946453145,0.00684113136210529,-29.243783466983245,36.57353895857608,0.007177307555941495,3.043677630445087,-2.5660943882104505,17.17885287068288,-0.056441104993667675,14.5625
517,0,53,0,0.0,0,564,152.65059977211058,52.82143788944613,-0.046268143481044494,-3.270034019162441,0.4449806020070912,0.0061863722147558284,-13.241382352711643,31.89352935196953,0.007493339555843362,2.1634148931107107,-3.4231077936673695,11.481924944557685,-0.053073152917275906,14.5625
518,0,152,0,0.0,0,555,152.6543209850788,48.56184806949554,-0.04527032734449211,-3.4129493867285627,0.5535210998980741,0.006261027949927504,-20.602504374478553,28.20581940907698,0.007392736355969845,0.7560011179348933,-3.9406268926027237,3.9431096624238093,-0.05215745808941236,14.5625
519,0,149,0,0.0,0,0,152.66442636027932,45.86335850811169,-0.042870543324398415,-3.4401965454976047,0.8967962344137442,0.007128409696308544,-16.1859238722369,38.292529765435994,0.007449633866854811,3.473877061124438,-3.288435643814108,17.616653787150266,-0.05071179399033782,14.5625
520,0,141,0,0.0,0,0,152.85640613362193,46.78161554362373,-0.04549051657735215,-3.1977382996323307,0.773425018780271,0.006662298209499217,-12.926370690044763,25.21224919863662,0.0074818030246784715,3.63763845678805,-2.9666222192770237,19.213658791614144,-0.052819044607801284,14.5625
521,0,160,0,0.0,0,0,152.89253882318735,45.06538935729709,-0.04783577450897192,-3.6110479397644655,0.9851674500278812,0.00685787764193374,-15.883269473577776,27.002807156927233,0.007164408514363264,2.9897396553933904,-3.5119407000620666,16.557010760764715,-0.055379439915099034,14.5625
522,1,73,0,0.0,0,546,152.97299440950155,69.89065192182585,-0.043131423681556924,-3.3412971927375246,0.9595771369099247,0.006720334314220415,-31.02227750699507,37.30587138066245,0.006301201301060843,0.5059583292191578,-3.9378856031818956,2.556293309632301,-0.05052379142719938,14.5625
523,2,59,0,0.0,0,33,152.9858975270763,58.63585416553019,-0.04447657184014243,-3.7187975530869437,1.47134060400629,0.00669217923029876,-7.411184976013505,36.122761166109036,0.005204033335584625,1.2326439238923532,-4.12490022103604,6.389775750672231,-0.05183796899347106,14.5625
524,1,100,0,0.0,0,62,153.02336348593235,50.136512017624916,-0.044696564936354446,-3.249032294050814,0.740287910647567,0.005561574026589444,-15.908855036858432,17.915790296544017,0.006435734281426916,4.657178838792993,-2.7967227795786114,23.665126574204123,-0.050814296365602835,14.5625
525,1,141,0,0.0,0,574,153.55638029426336,62.4327991837134,-0.041502459036623154,-3.2441077741881648,0.3910773254753401,0.006840165021240038,-26.435043678528142,27.786374546100735,0.006019507972660795,3.2019194355731906,-3.1876879927901114,15.697935326988391,-0.0490266405599872,14.5625
526,2,132,0,0.0,0,4,153.9689188809134,45.36930940135667,-0.04669204744841642,-3.6784505973764974,0.8719496758637341,0.0071809705075539685,-15.058767943467465,29.900541483990818,0.007138719080745924,2.9513724486619344,-3.6014623386095197,16.111871277258558,-0.05459111500672579,14.5625
527,1,185,0,0.0,0,0,154.0568619221449,47.75784022280269,-0.042340812112868546,-2.7192098118492387,0.5359403643243599,0.006761409678659969,-8.819538391044185,31.022884918749334,0.005430956156558357,2.33724125351635,-2.8647068873126313,11.63440429737588,-0.04977836275939451,14.5625
528,2,122,0,0.0,0,11,154.4525091331452,45.891161029025675,-0.04521373342037283,-2.9733485273153333,0.4086612895816586,0.00740263197351302,-24.483053028517283,30.04848745499093,0.0072532504485307535,3.86422583542773,-2.6724404827909316,20.61820626935805,-0.05335662859123716,14.5625
529,1,59,0,0.0,0,0,154.52980311959982,46.23365017859448,-0.04504434727201999,-2.9134063053124795,0.4913913137479733,0.007398278057336801,-16.86024317548982,25.491919403825186,0.007422953095145285,2.8505358298005055,-2.8837240425546975,15.15984881782616,-0.05318245313509047,14.5625
530,1,188,0,0.0,0,2,154.8649474605918,45.64595505615485,-0.04325195160950061,-2.839358057592834,0.3332213901773546,0.0073828080456646095,-13.553958067062586,13.399784951930274,0.006472354500954153,5.900873270692477,-2.0566371960174386,30.314580128303387,-0.051373040459731685,14.5625
531,0,124,0,0.0,0,0,154.87850697152317,45.078692300504066,-0.04958536324086991,-3.0254766853981745,0.5750433180987544,0.007290661198735,-9.533591062339749,22.41385238548291,0.007263879588102803,1.0851095568470877,-3.4384858818154775,6.250783428913197,-0.057605090559478406,14.5625
532,0,123,0,0.0,0,567,154.89000920020044,47.10854536244574,-0.04484987398203465,-3.675810079940937,0.5397988138026163,0.007055409863627397,-16.843702874768205,24.33571873348473,0.00715148419890171,0.7601783413307805,-4.200692459052935,3.9993609556852845,-0.05261082483202479,14.5625
533,1,171,0,0.0,0,0,155.05643735826015,60.866138708357816,-0.040681968515630496,-2.6326620915862375,0.7020566663159293,0.007175391272975374,-33.498509361447276,35.56183192981804,0.006106380870013857,1.4886970429765958,-2.9969478872510242,7.231330837899245,-0.04857489891590341,14.5625
534,2,84,0,0.0,0,0,155.3371756770648,46.94924271248248,-0.049874388681421786,-3.323937131582935,0.8046022003066311,0.007342769561897511,-29.54922353240307,26.505397199750536,0.006802396377014808,3.0973655203388724,-3.155628270471851,17.94967772411118,-0.05795143519950905,14.5625
535,1,166,0,0.0,0,1,155.6997498869896,50.74689521708513,-0.042896954578013215,-2.204782606409533,0.2585828567611268,0.0070877765554671944,-9.865323241389062,39.91797720341051,0.005652295135301226,2.6578704173037337,-2.258886184709273,13.473677735968202,-0.05069350878902713,14.5625
536,2,25,0,0.0,0,557,155.7969501707703,54.0185298019456,-0.04151066585050738,-3.2541274689964976,0.4736735697248066,0.007019607853830201,-12.784160362553349,36.27976124290564,0.005043066757709799,1.5357480765471982,-3.602040404480025,7.560830942170905,-0.049232234489720604,14.5625
537,0,59,0,0.0,0,23,156.1292097121477,48.616814140249794,-0.04078009989396128,-3.1996046280816874,0.7490161839608932,0.006274281392528803,-17.9056164098688,12.230037720346916,0.006693353470238217,2.666637928466293,-3.2914062992856388,12.71501215125878,-0.04768180942574297,14.5625
538,0,2,0,0.0,0,0,156.2272872235626,49.92809647094315,-0.04397621072573622,-3.2799772889569154,1.011798206026147,0.006864890460316321,-6.780782801012609,31.11186734815049,0.006010273758088769,1.6424956265735058,-3.5830423550262918,8.463384160406996,-0.051527590232084176,14.5625
539,2,80,0,0.0,0,0,156.77995649399236,45.82267911421954,-0.048979438442039946,-1.9833782817559715,0.2844372417766929,0.006385969785757223,-25.93304035075283,32.08320555757191,0.007129520010070568,1.685984113292018,-2.2378066692174494,9.442186305866816,-0.056004005206372894,14.5625
540,2,26,0,0.0,0,534,156.81594373006374,52.5214113110077,-0.049714492543600886,-3.115616484795397,0.27181123330747803,0.0072995945366514155,-23.926497987188238,22.046059328109738,0.007348774064436196,3.8081298318511356,-2.7465597803200867,21.98968262176112,-0.057744046533917445,14.5625
541,1,11,0,0.0,0,593,157.2190370336175,60.44166045225583,-0.04168508158996039,-2.4233962616184863,0.1392216719571744,0.006130870250175777,-32.76559454401291,3.733274318150783,0.006011808092426284,4.827039952072963,-1.9854091954742497,23.37689054425914,-0.04842903886515375,14.5625
542,0,23,0,0.0,0,30,157.31947094388306,56.34961215944199,-0.04175630340443362,-2.509753357479629,0.4766444710621435,0.005278615100885703,-6.470893840437597,34.863653600703906,0.006420875291269711,4.74421773247677,-2.1121181544196843,22.56481843549899,-0.047562780015407896,14.5625
543,1,109,0,0.0,0,547,157.8102804273367,45.41222162211516,-0.04809737096497131,-2.136880926297525,0.07137146675591696,0.0066941250133828395,-11.397447339170743,39.888540392711846,0.00678095410190911,0.937524462856864,-2.6021236338490294,5.199595843197734,-0.055460908479692435,14.5625
544,2,21,0,0.0,0,556,157.8296616030857,61.035885980633864,-0.046585990669145066,-2.9205607688789437,0.5274720640075673,0.00618326506433472,-12.299952079704237,39.001223269678476,0.00525163888427245,1.2028471425068534,-3.3250766202888187,6.421710074262931,-0.05338758223991326,14.5625
545,0,7,0,0.0,0,586,157.91917112842202,48.413595349927334,-0.04968761606081114,-3.7012981435754595,0.4460731111390127,0.006323925249394334,-24.721106632026824,14.794514030676286,0.0070574829709309774,0.5548241750304018,-4.268745899412332,3.142742386056094,-0.056643933835144905,14.5625
546,1,75,0,0.0,0,0,158.57268407195807,45.82237637804435,-0.047015725623495236,-2.731056672787338,0.4172649437120908,0.007408596948770088,-32.90394215183019,33.82259423980663,0.007443973768317366,2.0743778690271713,-2.886047568038597,11.44334332358102,-0.05516518226714233,14.5625
547,0,130,0,0.0,0,0,158.59184402413666,45.86085183427895,-0.04994936220817365,-2.548842305658622,0.39197871454289646,0.007335581880698986,-28.67631265726081,34.170728947836835,0.0074981539231544206,1.5314694557566313,-2.830939570616484,8.885356410588406,-0.05801850227694254,14.5625
548,0,15,0,0.0,0,12,158.81001713871956,55.255462592513275,-0.040091535080677865,-2.462740011527337,0.6422666625620586,0.005043659958035389,-27.47297927370071,1.4110955706739021,0.006718138298305056,2.808112987945491,-2.549518408368809,12.816104410515756,-0.045639561034516794,14.5625
549,0,40,0,0.0,0,0,159.24394608475268,45.33204662111795,-0.0494270518195306,-2.4908238361988158,0.3025873584785376,0.007391694402803225,-22.517097695280793,19.76512747486656,0.007457880902268279,4.551670098948096,-1.9126327667563885,26.19846436792971,-0.05755791566261415,14.5625
550,2,11,0,0.0,0,561,160.58092835592106,60.26186181942886,-0.044844217821287675,-3.355478397285313,0.6346659310706041,0.006674655995009724,-5.517775310734759,4.0149327915620825,0.005746702396804353,1.9534307944706928,-3.572537224434143,10.194240246552026,-0.05218633941579837,14.5625
551,1,28,0,0.0,0,0,160.71156396716833,53.345709650805446,-0.04699590428779675,-2.5075134099414798,0.3809503735810293,0.007285053847923123,-13.433051983096874,20.156235277373916,0.007038142360170483,3.079586605608231,-2.3893435983623834,16.940640703946393,-0.05500946352051218,14.5625
552,2,24,0,0.0,0,0,160.79241194669157,51.93864450591367,-0.049153043157870856,-2.1961320929408403,0.3495903921272872,0.00737913250785897,-20.156063969148153,27.955762657379914,0.007399981518263533,1.4989466870932329,-2.4931798567976893,8.584481005094611,-0.05727008891651572,14.5625
553,2,128,0,0.0,0,18,160.83199948677793,51.18289328136617,-0.04739178949778612,-3.7243774220936166,1.1031310981981104,0.0069706367014443086,-9.601686200490764,29.84612435356902,0.007322815682393898,1.9499070923710793,-3.914511785684236,10.736088979862762,-0.05505948986937486,14.5625
554,0,34,0,0.0,0,6,160.91292304731905,46.73083398621535,-0.04315020201565816,-3.516225436322333,0.9061861623329888,0.006481401811441079,-6.308029104399543,34.03536019782159,0.006934799717094198,3.3100777189337895,-3.4128460852164446,16.6429860355381,-0.05027974400824335,14.5625
555,1,125,0,0.0,0,562,161.16620855778456,46.32778096011142,-0.0457930443184484,-2.712150341575775,0.1326907070296117,0.007299641069708707,-27.62660404814351,31.966614303676884,0.006843491066660029,1.0899665870248405,-3.1442551302784008,5.866488957483889,-0.053822649495127974,14.5625
556,2,114,0,0.0,0,0,162.08712956914678,50.61096301030806,-0.049387353720455836,-2.426736201328035,0.393076540801196,0.006531021715249643,-6.537015428299695,37.887674419275456,0.0073486375300095596,2.602531560636957,-2.41876564753766,14.72290559046841,-0.05657147760723044,14.5625
557,2,1,0,0.0,0,3,162.15414872113615,46.22202357519106,-0.048288441337952265,-3.0005311758169526,0.5687522054226551,0.007171305129692522,-33.10599544913934,4.243462224119282,0.005229197469414513,0.6190099719845623,-3.5513495610456265,3.47740470459501,-0.056176876980614035,14.5625
558,1,194,0,0.0,0,1,162.50054087489843,51.367415614253495,-0.04239043458210563,-2.829011144645148,0.486479788256572,0.007461248308095996,-34.10230749012029,39.80359649563861,0.005893935798028857,3.507547982673028,-2.670752279037979,17.74742383995107,-0.05059780772101123,14.5625
559,1,198,0,0.0,0,538,163.3042001351714,52.34086600499388,-0.04002105991052922,-2.8134427691014503,0.1848316448478724,0.007487408210737075,-17.808851700229084,21.007899906969207,0.005532365210788075,5.348345118833601,-2.2545733370697176,25.809620789529735,-0.04825720894234,14.5625
560,0,74,0,0.0,0,546,165.15953401103616,54.62405456008706,-0.04038601997468208,-3.5369857573467924,0.8917666004846673,0.005813920021106116,-10.84910753961475,11.407839034349148,0.006571052699957028,1.2433066951464122,-3.9715817357842256,5.816354328085467,-0.04678133199789881,14.5625
561,2,76,0,0.0,0,1,165.22779351333156,45.894387132654714,-0.04555429216794798,-2.364080483543213,0.31306254017596574,0.006859015677649218,-22.064808830755453,33.23884121915583,0.007414649137076346,2.183305574302221,-2.511625994824041,11.59317999032345,-0.05309920941336212,14.5625
562,2,47,0,0.0,0,546,166.26240347325802,47.81823120073355,-0.048755529766138166,-3.654686838226369,0.5945821914585127,0.007185696607109696,-31.534982442249657,26.508198103525963,0.007313050462085135,0.9960788091748185,-4.097858918705409,5.643762216159383,-0.056659796033958834,14.5625
563,1,16,0,0.0,0,559,167.380969889462,53.80345500188908,-0.04581103471307503,-3.287651296096574,0.4156888548395958,0.006221852862457224,-23.420150896701145,33.77914702489939,0.005013612362451904,3.01077629878061,-3.2235132061894047,15.853264538280726,-0.05265507286177798,14.5625
564,2,166,0,0.0,0,569,167.4884421210736,54.12812891345015,-0.045481030235141856,-2.0784917969574552,0.10752306980051118,0.006567767753512662,-22.294712009249004,34.57364454587652,0.005573133582810289,5.673718312545287,-1.3161896325246982,29.903658471176435,-0.05270557476400579,14.5625
565,0,87,0,0.0,0,584,167.67041382193565,56.84703151897611,-0.04829434351870751,-3.3281081043037064,0.43572098701610773,0.006508964420193012,-12.510341044020484,30.425660267113614,0.007425678883979238,0.6547067364122333,-3.8713130169271492,3.630624117056899,-0.05545420438091982,14.5625
566,0,3,0,0.0,0,61,168.43751022778451,68.70729859834688,-0.048728634039239827,-3.4559200345154624,1.3412795510935072,0.0051076017776975685,-20.14860824305498,34.25605968048266,0.006336611621966283,4.747394460238801,-2.89749572639519,25.8006627715893,-0.05434699599470715,14.5625
567,0,140,0,0.0,0,537,170.0246066879481,45.20986793097263,-0.04475193759948348,-3.7281999019632543,0.481104566590024,0.007258241800607779,-18.97913113157844,33.3381570436412,0.006747985630390886,4.411034690401601,-3.295920051415267,23.262034122519367,-0.05273600358015204,14.5625
568,1,137,0,0.0,0,570,171.86917123943567,57.23115665487335,-0.04398477754990267,-3.716159807787781,0.969127623142025,0.005319366405007993,-30.575310506165174,3.629080791161144,0.007148108424470691,0.5632224974456075,-4.300296556763591,2.8068801775848224,-0.04983608059541146,14.5625
569,2,14,0,0.0,0,69,172.6836843956262,58.96502174482808,-0.042966698830661725,-2.068338063426972,0.2799776773419107,0.005177343762124074,-5.398714122293164,9.0702271272896,0.0050426826140743276,4.949419756603494,-1.5951771611879844,24.08475603217926,-0.048661776968998205,14.5625
570,0,83,0,0.0,0,7,173.25258056260645,53.17171335042332,-0.04729192395990115,-3.239241233470443,0.9060744546989662,0.006903979641277376,-17.79275182389194,34.16640459576034,0.007079015458537119,0.5860488924373097,-3.8030187250023153,3.2166056242327916,-0.054886301565306266,14.5625
571,0,6,0,0.0,0,562,173.47044035233557,58.86004962355534,-0.040126161412533,-2.563867948693564,0.26984851085932016,0.00515939391365175,-27.18642123533481,37.84899420434649,0.006692988994069995,4.9333650804776505,-2.1647057206622224,22.59554946732424,-0.04580149471754993,14.5625
572,2,15,0,0.0,0,483,179.32312110904604,67.3615820643008,-0.047894826820873385,-2.520501974380219,0.4811167762560742,0.006529444850747353,-33.022450175293365,30.485571789005807,0.0055739374970077285,0.6836798258000749,-3.0570040022703804,3.7655181547562635,-0.055077216156695474,14.5625
573,0,42,0,0.0,1,554,180.68719399906695,58.23758314770157,-0.044549981339066805,-3.6276692754329147,0.7747056225851815,0.00667636761527588,-30.57227163748329,21.706077102601107,0.006946283622761123,1.7962581427131639,-3.888094593259451,9.32149943999726,-0.05189398571587027,14.5625
574,1,54,0,0.0,0,556,181.98226260393858,59.6995950653743,-0.041439156031241035,-3.4855047483022736,0.9205932013941852,0.005710145986547958,-34.04468513742213,37.43218876209077,0.007090413524370385,0.7123254662710186,-4.040207153680545,3.399239678440896,-0.04772031661644379,14.5625
575,2,186,0,0.0,0,9,183.17032878939062,69.98400298096433,-0.049297132226147865,-1.9727872484264004,0.4949848285599706,0.005195997833606829,-34.62441229652002,21.96727385247986,0.00521903952450946,1.5867586359902417,-2.2626443022358003,8.729192416796142,-0.05501272984311538,14.5625
576,1,140,0,0.0,0,0,184.80182964354753,63.610887410338414,-0.04070599853397831,-2.8368517921747887,1.0241602625979345,0.006382630023429896,-33.887439172283734,34.15437071357259,0.007219986946249127,2.087632817595926,-3.065370014643057,9.96362251019786,-0.0477268915597512,14.5625
577,2,10,0,0.0,0,519,186.17523311497644,67.74486725521679,-0.04570064691478469,-3.062643941197794,0.4457576914395307,0.006191857337142055,-28.733299411846833,8.729757785956753,0.006038162740337576,5.872948565479066,-2.25382264642307,30.83984543720515,-0.05251168998564095,14.5625
578,2,88,0,0.0,0,506,194.08113404363394,47.31003574720488,-0.04962047965458206,-2.2904564537652106,0.11546691564659935,0.0068910483174687885,-33.1344655011725,36.985173035143326,0.0071143451155231035,1.1478006533070135,-2.6878277628910974,6.5654923701773615,-0.057200632803797724,14.5625
579,0,44,0,0.0,0,554,199.82883295603096,55.61185421159391,-0.04677741869090512,-3.569164749401618,0.9633069522560003,0.005152145335750592,-18.781486259059843,39.55461580770985,0.00513256968429511,0.8963355475552013,-4.059192029564162,4.700811930719573,-0.05244477856023077,14.5625
580,0,95,0,0.0,0,0,201.34921673685312,45.147259340712964,-0.04882908178674796,-3.1084795678950656,0.6476208570789296,0.007060786713168232,-19.614600261766725,8.188978478078596,0.007330101480297158,2.3660728030091778,-3.1666907501553068,13.391013136239867,-0.05659594717123302,14.5625
581,2,196,0,0.0,0,588,204.15868058195338,54.75938388288113,-0.0445087101277641,-2.6656637646111383,0.14888944389649075,0.005477883812735788,-34.05936041661697,38.45727439894932,0.0061966792238792225,3.3292122924511127,-2.5532913858171056,16.823968681707242,-0.050534382321773465,14.5625
582,1,50,0,0.0,0,523,225.24861352145672,46.32647530698495,-0.043829520756330835,-3.0554360900168946,0.3365053527089713,0.007302480968067061,-25.19288352173626,3.7041698363171633,0.007237408885526774,1.3158179875981701,-3.439955788773593,6.824128119205101,-0.051862249821204603,14.5625
583,2,182,0,0.0,1,544,229.8509789351374,47.91708368905314,-0.04938588700498141,-3.6092552193345884,0.5920585063960386,0.00735343616943032,-23.130181105242805,35.94223192364838,0.00711440103080414,0.8961385636085358,-4.076936180848779,5.150526534228387,-0.05747466679135476,14.5625
584,1,56,0,0.0,2,543,236.18238227069378,52.73309507874119,-0.04637774782479919,-3.1348257496543046,0.39002347064166465,0.007309446642062285,-29.92395446458544,17.43147718092767,0.007315688112648249,2.330594156542428,-3.228235013819541,12.682659706877923,-0.0544181391310677,14.5625
585,1,126,0,0.0,2,5,238.92051820456982,46.35212098624721,-0.048197650136121414,-2.1139840453145116,0.2498280241786901,0.00659615430621918,-29.79837527362504,35.597359891832916,0.0069422064564248695,1.0474026184688843,-2.5489849281970525,5.80820571779954,-0.05545341987296251,14.5625
586,1,142,0,0.0,1,577,245.3883085474372,68.74325766838793,-0.04287936246737435,-3.26814279943599,0.6816346643870008,0.006038360778732545,-29.62037876221054,26.72457521605617,0.007341146784005153,1.8137362017520795,-3.5454425902627165,8.981904491311603,-0.049521559323980155,14.5625
587,2,37,0,0.0,1,598,251.1564769190736,58.369053912225375,-0.04920689649677194,-3.15936141401423,0.22536192939792576,0.007119109646884182,-28.008305455952573,37.01971837922636,0.007423575385590471,1.463146428219622,-3.468285015128819,8.345482469016119,-0.05703791710834454,14.5625
588,1,52,0,0.0,5,21,257.9948194846511,52.19641619695564,-0.04083519843651961,-3.7454648159111255,1.2775166793388135,0.0067266878567162165,-34.527604474103846,36.2451835098687,0.007157419444296701,1.5153322087563472,-4.105884399102092,7.309137488610051,-0.04823455507890745,14.5625
589,2,19,0,0.0,1,568,269.1268153679557,46.186362885418,-0.04556563785566887,-3.3947139600416794,0.5046683578390677,0.0050566401534450425,-26.621361794409285,30.283718543555647,0.006247873073418781,1.5199871273088044,-3.732164644652253,7.771381372296764,-0.05112794202445842,14.5625
590,1,23,0,0.0,2,2,276.73925709724426,45.442201133637646,-0.04354429911279542,-3.438140037257257,0.8876011289114318,0.007070611604621733,-31.230131611645223,32.48163535258138,0.006974715470654574,2.0163467811178357,-3.647544167951041,10.348289279658205,-0.051321971877879326,14.5625
591,0,102,0,0.0,1,582,276.87370661459863,45.632047627713156,-0.04718326150058777,-3.2079991564022583,0.24291422543461227,0.006373383779397251,-21.279952640250634,11.631674882810447,0.007100043640917186,1.256365691169004,-3.59328318403811,6.808746173559033,-0.054193983657924744,14.5625
592,0,109,0,0.0,1,66,278.0816623531282,64.38650199346006,-0.047263930809185874,-2.8793825746798185,0.6902897132683482,0.006879365829995324,-31.032329413132697,13.794996590409564,0.005162419522347288,1.7130172449943606,-3.136270691600593,9.39268480739033,-0.05483123322218073,14.5625
593,0,98,0,0.0,1,573,279.81188226118684,57.133178089871635,-0.044400260868280604,-3.253527744500753,0.5504262083664142,0.0054708880189131785,-25.67096860054104,28.64757169514919,0.007319880478255336,1.2675258134076477,-3.6595873797634253,6.390641773743771,-0.0504182376890851,14.5625
594,2,12,0,0.0,1,49,280.81533329794183,65.98021137218191,-0.046656434368700345,-2.4994530925224367,0.4414365905698762,0.006071145960436455,-33.815071088371546,1.8364315334217574,0.006308190171323243,4.003909541533034,-2.1619472141050955,21.354729390568348,-0.05333469492518045,14.5625
595,0,37,0,0.0,4,68,281.13851328380406,57.055347080494165,-0.0408012041539422,-3.3576874570972355,1.1410344397898582,0.0060092554425640295,-18.393214251180474,5.605976755137693,0.006208476351962249,1.5532866907670784,-3.7153636621267716,7.364347352997862,-0.04741138514076263,14.5625
596,2,38,0,0.0,3,31,281.2851708130911,56.85501879435374,-0.04604455277163886,-3.5450723342584953,1.4849721470946102,0.005508082906196722,-33.32688338474243,30.027922292215578,0.00694655524166593,2.0156740111787204,-3.7468209000527897,10.50235579001219,-0.05210344396845525,14.5625
597,2,75,0,0.0,2,556,283.97728931857273,47.45551475272467,-0.04953415974042927,-2.411280646247584,0.11717692031067092,0.00569054907121251,-32.872151959581956,37.365638072623426,0.006637540421946272,2.1464246402916682,-2.5398181955306,11.975710922056427,-0.05579376371876303,14.5625
598,2,168,0,0.0,7,13,285.543385530822,50.08164654924976,-0.04612048603413016,-2.3612966244311604,0.3262894306944781,0.006588510966076025,-34.927625238948494,34.93463962701917,0.007253407526084748,1.7378289887187852,-2.624061351988376,9.274419348818364,-0.05336784809681379,14.5625
599,2,55,0,0.0,0,449,294.3882488491945,59.11004264264966,-0.04218495299147758,-3.6339711349798165,1.2086428164827434,0.005744298666179687,-33.52320547270228,26.77887916082873,0.0073581881150237265,1.1269464264540485,-4.085970999729053,5.466105056364723,-0.048503681524275234,14.5625
600,0,80,0,0.0,0,536,306.9147468674928,50.158916229309625,-0.04535583878978079,-3.1424354013206726,0.5058699198319266,0.006689579137061278,-21.067174427126037,27.78820255136504,0.007041324682745237,0.858220640901728,-3.6412456567556,4.524056541860984,-0.0527143758405482,14.5625
